"Step","env_name: h1hand-balance_hard-v0 - eval_avg_return","env_name: h1hand-balance_hard-v0 - eval_avg_return__MIN","env_name: h1hand-balance_hard-v0 - eval_avg_return__MAX"
"10000","55.38281758626302","52.98168182373047","57.418540954589844"
"20000","59.04413604736328","55.06715393066406","62.874855041503906"
"30000","62.872344970703125","61.161415100097656","66.273193359375"
"40000","69.34317779541016","64.73975372314453","74.79978942871094"
"50000","75.94166564941406","70.17093658447266","79.61901092529297"
"60000","85.87733459472656","79.01309204101562","95.30813598632812"
"70000","100.26225280761719","82.08998107910156","115.33751678466797"
"80000","121.50943247477214","101.28120422363281","143.9762725830078"
"90000","160.3769785563151","112.66378784179688","184.7072296142578"
"100000","195.29078165690103","132.79031372070312","273.79461669921875"
"110000","261.330815633138","165.93064880371094","338.6181335449219"
"120000","362.77660115559894","252.31661987304688","493.03753662109375"
"130000","516.8600463867188","393.8514404296875","736.8292236328125"
"140000","528.7716267903646","344.442138671875","789.2045288085938"
"150000","711.5215047200521","565.1229248046875","942.0015869140625"
"160000","722.9989217122396","564.1298828125","876.0658569335938"
"170000","753.2689005533854","510.70928955078125","916.9447021484375"
"180000","790.4259033203125","589.2144775390625","914.1103515625"
"190000","819.5036824544271","771.3740234375","892.8074340820312"
"200000","797.0355021158854","688.1548461914062","869.16845703125"