"Step","env_name: h1hand-basketball-v0 - eval_avg_return","env_name: h1hand-basketball-v0 - eval_avg_return__MIN","env_name: h1hand-basketball-v0 - eval_avg_return__MAX"
"10000","24.094606399536133","21.371244430541992","29.090238571166992"
"20000","58.69816335042318","45.47417449951172","65.84368896484375"
"30000","77.35889307657878","44.08505630493164","103.52006530761719"
"40000","102.28858311971028","28.160480499267578","178.47607421875"
"50000","156.5261027018229","45.184730529785156","305.94195556640625"
"60000","219.0927530924479","140.12506103515625","321.93310546875"
"70000","430.56638590494794","256.72589111328125","611.6690673828125"
"80000","470.9900309244792","330.479248046875","704.7435913085938"
"90000","590.453857421875","553.92578125","611.2874755859375"
"100000","669.6134440104166","576.722900390625","758.0330810546875"
"110000","681.2147013346354","489.79876708984375","817.8359375"
"120000","732.3451334635416","658.4683227539062","871.675048828125"
"130000","799.0308227539062","772.0775146484375","812.5083618164062"
"140000","775.0431518554688","688.4119262695312","819.30419921875"
"150000","846.841796875","788.511962890625","909.36669921875"
"160000","880.2275797526041","804.5064697265625","932.9370727539062"
"170000","838.7196044921875","788.3221435546875","887.9608154296875"
"180000","915.4382731119791","863.3113403320312","941.7987060546875"
"190000","823.47607421875","757.9568481445312","902.8724975585938"
"200000","881.5573933919271","847.7098999023438","932.599609375"
"210000","909.2999877929688","877.523681640625","970.7139892578125"
"220000","888.8215128580729","870.7546997070312","902.2359619140625"
"230000","871.021728515625","854.865966796875","902.515625"
"240000","903.9079996744791","808.4981689453125","985.5775146484375"
"250000","908.5308634440104","846.3365478515625","971.0596923828125"