env_name,temperature,_step,mean_return,max_return,min_return,std_return,run_count
G1JoystickRoughTerrain,1.0,10000,-2.0617635250091557,-2.008462190628052,-2.100182056427002,0.047636717073878,3
G1JoystickRoughTerrain,1.0,20000,-2.010406017303467,-1.970621109008789,-2.0582432746887207,0.044362610653767,3
G1JoystickRoughTerrain,1.0,30000,-1.9153083165486653,-1.8433963060379028,-1.9559794664382932,0.0624558686649772,3
G1JoystickRoughTerrain,1.0,40000,-1.486184040705363,-1.4572185277938845,-1.517828106880188,0.0303934409855673,3
G1JoystickRoughTerrain,1.0,46000,-1.283927500247955,-0.8267868161201477,-1.5928709506988523,0.4039715836112948,3
Isaac-Repose-Cube-Allegro-Direct-v0,1.0,5000,51.178887685139976,57.50550079345703,44.4410514831543,6.541925348851222,3
Isaac-Repose-Cube-Allegro-Direct-v0,1.0,10000,379.8158721923828,575.0365600585938,220.4117889404297,180.00501089476126,3
Isaac-Repose-Cube-Allegro-Direct-v0,1.0,15000,1652.578369140625,1931.18359375,1384.12109375,273.67239608987285,3
Isaac-Repose-Cube-Allegro-Direct-v0,1.0,20000,2902.5967610677085,3072.029296875,2727.386962890625,172.39378516616088,3
Isaac-Repose-Cube-Allegro-Direct-v0,1.0,25000,3762.0775553385415,3806.54296875,3730.657958984375,39.58887070631708,3
Isaac-Repose-Cube-Allegro-Direct-v0,1.0,30000,4297.131673177083,4300.443359375,4292.82666015625,3.904298961410583,3
Isaac-Repose-Cube-Allegro-Direct-v0,1.0,35000,4670.836100260417,4702.55126953125,4641.15087890625,30.75048794139596,3
Isaac-Repose-Cube-Allegro-Direct-v0,1.0,40000,4959.8955078125,5011.8291015625,4932.6015625,44.99538801719225,3
Isaac-Repose-Cube-Allegro-Direct-v0,1.0,45000,5189.680826822917,5240.72998046875,5122.6806640625,60.619603222273625,3
Isaac-Repose-Cube-Allegro-Direct-v0,1.0,50000,5320.718912760417,5361.5859375,5245.09130859375,65.56655437478142,3
Isaac-Repose-Cube-Allegro-Direct-v0,1.0,55000,5447.76318359375,5520.59375,5374.93994140625,72.8269045730994,3
Isaac-Repose-Cube-Allegro-Direct-v0,1.0,60000,5589.147135416667,5612.3330078125,5545.33056640625,37.96776291410565,3
Isaac-Repose-Cube-Allegro-Direct-v0,1.0,65000,5697.32373046875,5735.494140625,5654.03125,40.97227526584072,3
Isaac-Repose-Cube-Allegro-Direct-v0,1.0,70000,5785.362630208333,5831.73046875,5709.7685546875,66.02504688691215,3
Isaac-Repose-Cube-Allegro-Direct-v0,1.0,75000,5841.48046875,5874.57763671875,5791.52734375,44.01624990987205,3
Isaac-Repose-Cube-Allegro-Direct-v0,1.0,80000,5895.626790364583,5936.9482421875,5855.58447265625,40.69696409003871,3
Isaac-Repose-Cube-Allegro-Direct-v0,1.0,85000,6003.0673828125,6049.6884765625,5957.576171875,46.06654583413212,3
Isaac-Repose-Cube-Allegro-Direct-v0,1.0,90000,6074.431477864583,6104.20849609375,6026.0693359375,42.25502579139148,3
Isaac-Repose-Cube-Allegro-Direct-v0,1.0,95000,6113.951334635417,6186.4716796875,6063.4248046875,64.40441979354848,3
Isaac-Repose-Cube-Allegro-Direct-v0,1.0,100000,6199.296223958333,6243.205078125,6128.3759765625,61.997114163065866,3
Isaac-Repose-Cube-Allegro-Direct-v0,1.0,105000,6247.584798177083,6294.9130859375,6165.75244140625,71.15838747216422,3
Isaac-Repose-Cube-Allegro-Direct-v0,1.0,110000,6278.762044270833,6348.90771484375,6200.33935546875,74.62922433550571,3
Isaac-Repose-Cube-Allegro-Direct-v0,1.0,115000,6336.509765625,6385.3349609375,6268.5107421875,60.72644634228355,3
Isaac-Repose-Cube-Allegro-Direct-v0,1.0,120000,6380.3125,6413.2666015625,6348.71875,32.29542076849024,3
Isaac-Repose-Cube-Allegro-Direct-v0,1.0,125000,6412.336263020833,6482.4892578125,6368.0146484375,61.45367523989355,3
Isaac-Repose-Cube-Allegro-Direct-v0,1.0,130000,6482.733235677083,6530.642578125,6434.13037109375,48.25984102983504,3
Isaac-Repose-Cube-Allegro-Direct-v0,1.0,135000,6493.588216145833,6552.583984375,6448.0732421875,53.54365199325611,3
Isaac-Repose-Cube-Allegro-Direct-v0,1.0,140000,6558.303548177083,6632.595703125,6491.27099609375,70.94148701345881,3
Isaac-Repose-Cube-Allegro-Direct-v0,1.0,145000,6567.999837239583,6633.03173828125,6505.14599609375,63.970686430538585,3
Isaac-Repose-Cube-Allegro-Direct-v0,1.0,150000,6590.082356770833,6637.3203125,6559.3994140625,41.51467144777572,3
Isaac-Repose-Cube-Allegro-Direct-v0,1.0,155000,6622.233723958333,6764.8740234375,6549.6181640625,123.53691498537052,3
Isaac-Velocity-Rough-G1-v0,1.0,5000,7.451997915903727,8.359106063842773,6.146394729614258,1.158931224813735,3
Isaac-Velocity-Rough-G1-v0,1.0,10000,18.362677892049152,20.58069610595703,16.763471603393555,1.9824219719496068,3
Isaac-Velocity-Rough-G1-v0,1.0,15000,29.413747151692707,30.83555793762207,28.66397476196289,1.231937529534815,3
Isaac-Velocity-Rough-G1-v0,1.0,20000,32.102922439575195,33.54245376586914,30.944297790527344,1.3216599559047524,3
Isaac-Velocity-Rough-G1-v0,1.0,25000,33.259501139322914,34.03721618652344,32.46580505371094,0.7858274506997679,3
Isaac-Velocity-Rough-G1-v0,1.0,30000,33.04239718119303,35.638458251953125,31.55635452270508,2.2561024734644843,3
Isaac-Velocity-Rough-G1-v0,1.0,35000,34.27557373046875,35.152061462402344,33.749473571777344,0.7641281216810986,3
Isaac-Velocity-Rough-G1-v0,1.0,40000,33.83761850992838,34.015586853027344,33.53826141357422,0.2607897924572977,3
Isaac-Velocity-Rough-G1-v0,1.0,45000,34.90171686808268,36.63666534423828,33.87199783325195,1.5112438702139952,3
Isaac-Velocity-Rough-G1-v0,1.0,50000,34.96398162841797,36.23974609375,32.493499755859375,2.1398837978701906,3
Isaac-Velocity-Rough-G1-v0,1.0,55000,35.82777404785156,37.03734588623047,34.55392074584961,1.2429598492682954,3
Isaac-Velocity-Rough-G1-v0,1.0,60000,35.19670867919922,36.165557861328125,34.32310485839844,0.9249119018274388,3
Isaac-Velocity-Rough-G1-v0,1.0,65000,36.92912292480469,38.20436096191406,35.594207763671875,1.3060995172352916,3
Isaac-Velocity-Rough-G1-v0,1.0,70000,37.30749130249024,38.28385543823242,36.05279541015625,1.1412750050997431,3
Isaac-Velocity-Rough-G1-v0,1.0,75000,37.532806396484375,38.457611083984375,36.60158920288086,0.9280275566811872,3
Isaac-Velocity-Rough-G1-v0,1.0,80000,37.738807678222656,39.1341552734375,35.97747039794922,1.6098528466791873,3
Isaac-Velocity-Rough-G1-v0,1.0,85000,37.06245040893555,38.08992004394531,36.22908782958984,0.9454799280205254,3
Isaac-Velocity-Rough-G1-v0,1.0,90000,37.729994455973305,38.59403991699219,36.99108123779297,0.8087723353660025,3
Isaac-Velocity-Rough-G1-v0,1.0,95000,37.87134297688802,38.63501739501953,37.42974853515625,0.6640556373808424,3
Isaac-Velocity-Rough-G1-v0,1.0,100000,38.38067626953125,38.91832733154297,37.81591796875,0.5517043615820716,3
Isaac-Velocity-Rough-G1-v0,1.0,105000,38.08183797200521,39.4305419921875,36.78437042236328,1.3238296250543602,3
Isaac-Velocity-Rough-H1-v0,1.0,5000,3.0660733381907144,4.744599342346191,0.6448450088500977,2.1484183616399206,3
Isaac-Velocity-Rough-H1-v0,1.0,10000,8.764640808105469,10.45072078704834,7.614245414733887,1.4921851814874108,3
Isaac-Velocity-Rough-H1-v0,1.0,15000,13.542945861816406,13.887578964233398,13.025196075439451,0.4565118852999528,3
Isaac-Velocity-Rough-H1-v0,1.0,20000,17.132266998291016,18.646041870117188,16.31304931640625,1.3124484109831318,3
Isaac-Velocity-Rough-H1-v0,1.0,25000,18.6076889038086,19.138145446777344,17.602630615234375,0.8708539269997733,3
Isaac-Velocity-Rough-H1-v0,1.0,30000,18.459774653116863,20.234310150146484,16.9296932220459,1.6658155969809594,3
Isaac-Velocity-Rough-H1-v0,1.0,35000,19.85871950785319,20.905229568481445,19.32389068603516,0.9063781952898536,3
Isaac-Velocity-Rough-H1-v0,1.0,40000,21.117010752360027,22.34225845336914,20.06192779541016,1.1496495150686037,3
Isaac-Velocity-Rough-H1-v0,1.0,45000,21.644486745198567,22.99451446533203,20.39359664916992,1.303289903663889,3
Isaac-Velocity-Rough-H1-v0,1.0,50000,23.64735984802246,24.475547790527344,22.65555763244629,0.9209605130745075,3
Isaac-Velocity-Rough-H1-v0,1.0,55000,24.76505406697591,25.04480743408203,24.230693817138672,0.4629403243115605,3
Isaac-Velocity-Rough-H1-v0,1.0,60000,25.17075602213541,25.419418334960938,24.9848861694336,0.2239681238608756,3
Isaac-Velocity-Rough-H1-v0,1.0,65000,25.54870351155599,25.825910568237305,25.34645271301269,0.2483622137316497,3
Isaac-Velocity-Rough-H1-v0,1.0,70000,25.509314854939777,25.64268493652344,25.4271297454834,0.1165372735429725,3
Isaac-Velocity-Rough-H1-v0,1.0,75000,25.7047799428304,25.86218643188477,25.55031013488769,0.15595888634225,3
Isaac-Velocity-Rough-H1-v0,1.0,80000,25.74238014221192,26.198793411254883,25.394794464111328,0.412899697462626,3
Isaac-Velocity-Rough-H1-v0,1.0,85000,25.890907287597656,26.1097354888916,25.61140823364257,0.254643334102776,3
Isaac-Velocity-Rough-H1-v0,1.0,90000,25.93939272562663,26.36626434326172,25.691442489624023,0.3712893469259689,3
Isaac-Velocity-Rough-H1-v0,1.0,95000,26.1089096069336,26.21331024169922,25.96055603027344,0.1319851077745332,3
Isaac-Velocity-Rough-H1-v0,1.0,100000,26.279330571492512,26.638551712036133,25.840688705444336,0.4048173452949841,3
Isaac-Velocity-Rough-H1-v0,1.0,105000,26.545929590861004,27.00436782836914,26.02930450439453,0.4901289661751058,3
h1hand-balance_hard-v0,1.0,10000,41.918563524882,51.88023376464844,29.13336753845215,10.102085614734694,6
h1hand-balance_hard-v0,1.0,20000,58.412903467814125,63.34808349609375,52.43011474609375,4.128051732730795,6
h1hand-balance_hard-v0,1.0,30000,72.68467203776042,80.95135498046875,64.13005065917969,6.4690443313944135,6
h1hand-balance_hard-v0,1.0,40000,86.01870218912761,99.68959045410156,70.20889282226562,10.97313400762378,6
h1hand-balance_hard-v0,1.0,50000,117.54121653238931,135.0733184814453,94.44647216796876,15.591584786873696,6
h1hand-balance_hard-v0,1.0,60000,143.33889770507812,170.18270874023438,119.3389892578125,18.70377566214441,6
h1hand-balance_hard-v0,1.0,70000,178.51568094889322,222.4447479248047,138.59317016601562,27.77988007772273,6
h1hand-balance_hard-v0,1.0,80000,213.47946166992188,258.09942626953125,178.89923095703125,25.898161417701804,6
h1hand-balance_hard-v0,1.0,90000,275.9209569295247,317.8226928710937,235.2976531982422,29.48519945777951,6
h1hand-balance_hard-v0,1.0,100000,347.5996398925781,385.4052734375,295.7978210449219,37.91971095149038,6
h1hand-balance_hard-v0,1.0,110000,355.3583119710286,421.187744140625,307.38641357421875,45.31688072312979,6
h1hand-balance_hard-v0,1.0,120000,359.1016998291016,467.7739868164063,265.7451171875,76.12058146364939,6
h1hand-balance_hard-v0,1.0,130000,368.75226338704425,544.839111328125,293.94561767578125,92.40396412567884,6
h1hand-balance_hard-v0,1.0,140000,369.6813201904297,454.8484191894531,334.7021484375,49.603642434130144,6
h1hand-balance_hard-v0,1.0,150000,341.2140604654948,397.1839904785156,310.14178466796875,29.94698385876389,6
h1hand-balance_hard-v0,1.0,160000,369.3611145019531,493.2933654785156,277.3424072265625,90.46072691183272,6
h1hand-balance_hard-v0,1.0,170000,371.510866800944,472.6875,126.53092956542967,131.08459310176937,6
h1hand-balance_hard-v0,1.0,180000,364.43553670247394,449.73675537109375,279.58258056640625,63.558231729690256,6
h1hand-balance_hard-v0,1.0,190000,370.40673828125,416.980224609375,333.187744140625,33.72469140511896,6
h1hand-balance_hard-v0,1.0,200000,374.21290079752606,581.4132080078125,267.598876953125,108.66047321407105,6
h1hand-balance_hard-v0,1.0,210000,451.73187255859375,500.9909973144531,391.7939147949219,55.376247737643695,3
h1hand-balance_hard-v0,1.0,220000,380.23096720377606,434.0584411621094,297.14617919921875,72.99475794773434,3
h1hand-balance_hard-v0,1.0,230000,391.5699361165365,515.4900512695312,298.5582275390625,111.71996793114052,3
h1hand-balance_hard-v0,1.0,240000,383.5261942545573,447.3774108886719,293.39849853515625,80.28210496264117,3
h1hand-balance_hard-v0,1.0,250000,418.3382568359375,447.6343383789063,398.40765380859375,25.9152611276876,3
h1hand-basketball-v0,1.0,10000,14.404168128967283,14.895816802978516,13.810347557067873,0.5499001668421377,3
h1hand-basketball-v0,1.0,20000,15.05229632059733,16.226234436035156,13.55048942565918,1.3676718512005202,3
h1hand-basketball-v0,1.0,30000,17.922155380249023,19.5571403503418,17.012401580810547,1.4189411684264104,3
h1hand-basketball-v0,1.0,40000,19.235445022583008,21.29967498779297,17.859399795532227,1.8204592895743603,3
h1hand-basketball-v0,1.0,50000,22.86892954508464,26.132232666015625,17.131851196289062,4.984113718470585,3
h1hand-basketball-v0,1.0,60000,25.97932942708333,29.70081329345703,22.676979064941406,3.530625509480455,3
h1hand-basketball-v0,1.0,70000,25.524725596110027,29.089092254638672,20.93027114868164,4.17581143005557,3
h1hand-basketball-v0,1.0,80000,26.72897466023763,27.536094665527344,25.93301010131836,0.8016005008662791,3
h1hand-basketball-v0,1.0,90000,31.299786885579422,34.057106018066406,29.785137176513672,2.3917775644338004,3
h1hand-basketball-v0,1.0,100000,32.04242833455404,35.944969177246094,29.45074844360352,3.439839103856287,3
h1hand-basketball-v0,1.0,110000,32.157009760538735,36.881961822509766,29.53202438354492,4.100340247794678,3
h1hand-basketball-v0,1.0,120000,36.20709673563639,42.56182861328125,31.803937911987305,5.638220563622753,3
h1hand-basketball-v0,1.0,130000,35.31930287679037,49.006813049316406,25.25287437438965,12.283996702593724,3
h1hand-basketball-v0,1.0,140000,31.95216178894043,36.78863906860352,27.391908645629883,4.704451135960213,3
h1hand-basketball-v0,1.0,150000,42.03228950500488,58.21653747558594,26.456418991088867,15.88879711887142,3
h1hand-basketball-v0,1.0,160000,50.74107678731283,84.99411010742188,28.68222999572754,30.071258690779505,3
h1hand-basketball-v0,1.0,170000,44.76117197672526,74.79319763183594,24.300857543945312,26.5722099886436,3
h1hand-basketball-v0,1.0,180000,73.04571151733398,128.3029022216797,36.45252990722656,48.686565397225046,3
h1hand-basketball-v0,1.0,190000,64.77312978108723,120.22382354736328,35.14765930175781,48.05928681380735,3
h1hand-basketball-v0,1.0,200000,129.39142862955728,284.54559326171875,38.45368957519531,135.03006424684125,3
h1hand-basketball-v0,1.0,210000,100.8112958272298,172.81793212890625,43.6469612121582,65.85214781167723,3
h1hand-basketball-v0,1.0,220000,142.0784797668457,328.8143310546875,23.868221282958984,163.61494466605998,3
h1hand-basketball-v0,1.0,230000,182.48055203755692,381.59124755859375,27.568883895874023,181.1025234757799,3
h1hand-basketball-v0,1.0,240000,129.48763783772787,307.0443115234375,33.95648193359375,153.9167951947563,3
h1hand-basketball-v0,1.0,250000,119.3427136739095,289.80096435546875,31.080791473388672,147.65232567032402,3
h1hand-hurdle-v0,1.0,10000,7.622446219126384,10.659667015075684,4.814589500427246,2.929281259628683,3
h1hand-hurdle-v0,1.0,20000,2.93940003712972,3.187291383743286,2.7343764305114746,0.2294803282734129,3
h1hand-hurdle-v0,1.0,30000,7.998531500498454,10.663534164428713,5.3845086097717285,2.639881986876928,3
h1hand-hurdle-v0,1.0,40000,11.02478313446045,12.731338500976562,7.866177558898926,2.738390970126628,3
h1hand-hurdle-v0,1.0,50000,16.775426228841145,18.401042938232425,14.445079803466797,2.069998565301037,3
h1hand-hurdle-v0,1.0,60000,18.94511985778809,20.64667510986328,16.04167938232422,2.526834478218406,3
h1hand-hurdle-v0,1.0,70000,37.05270258585612,46.1504020690918,25.01495742797852,10.870126791860642,3
h1hand-hurdle-v0,1.0,80000,64.16193135579427,79.01223754882812,45.58177185058594,17.024478361996618,3
h1hand-hurdle-v0,1.0,90000,76.43823369344075,91.91836547851562,45.985836029052734,26.3737724752656,3
h1hand-hurdle-v0,1.0,100000,97.107421875,108.3035125732422,86.31814575195312,10.998327697454872,3
h1hand-hurdle-v0,1.0,110000,120.67681121826172,137.8448028564453,103.8532943725586,16.998372257793584,3
h1hand-hurdle-v0,1.0,120000,150.6535847981771,175.82846069335938,130.73431396484375,23.001881569076552,3
h1hand-hurdle-v0,1.0,130000,172.40262858072916,216.5811767578125,133.98182678222656,41.59960200070881,3
h1hand-hurdle-v0,1.0,140000,200.84117635091147,229.6004943847656,153.62841796875,41.2108747087056,3
h1hand-hurdle-v0,1.0,150000,253.94793701171875,299.99395751953125,181.9124755859375,63.18542057571389,3
h1hand-hurdle-v0,1.0,160000,273.4615427652995,314.6376647949219,225.7897491455078,44.77871526592572,3
h1hand-hurdle-v0,1.0,170000,327.0867055257161,386.386962890625,245.2624664306641,73.20879858325945,3
h1hand-hurdle-v0,1.0,180000,358.1954345703125,423.6575317382813,268.38946533203125,80.44570337759326,3
h1hand-hurdle-v0,1.0,190000,421.0419921875,507.7569885253906,309.3515625,101.5332825842333,3
h1hand-hurdle-v0,1.0,200000,460.7403564453125,690.4425659179688,318.9703674316406,200.7410150123837,3
h1hand-hurdle-v0,1.0,210000,547.6710815429688,822.888427734375,378.9943237304688,240.3615331567228,3
h1hand-hurdle-v0,1.0,220000,588.9772033691406,877.8673095703125,433.8077392578125,250.4159201952236,3
h1hand-hurdle-v0,1.0,230000,538.6125284830729,840.5313720703125,275.3309936523437,284.5742401587206,3
h1hand-hurdle-v0,1.0,240000,472.0482482910156,630.697021484375,264.7457580566406,187.7644000803112,3
h1hand-hurdle-v0,1.0,250000,549.299082438151,682.89404296875,482.1092529296875,115.69729490056297,3
h1hand-hurdle-v0,1.0,260000,580.6642252604166,765.0220947265625,475.0621948242188,160.22186968022686,3
h1hand-hurdle-v0,1.0,270000,521.9238077799479,823.9788818359375,209.56915283203125,307.33432902716123,3
h1hand-hurdle-v0,1.0,280000,601.0827433268229,735.7190551757812,488.2271118164063,125.17533316894875,3
h1hand-hurdle-v0,1.0,290000,579.1680908203125,636.7874755859375,523.5306396484375,56.65442407456786,3
h1hand-hurdle-v0,1.0,300000,452.5934346516927,584.3215942382812,235.44485473632807,189.47620166721995,3
h1hand-stair-v0,1.0,10000,11.973100980122885,16.42279815673828,8.460922241210938,4.062889690766786,3
h1hand-stair-v0,1.0,20000,31.20138676961263,37.37246322631836,21.58194732666016,8.441179038382439,3
h1hand-stair-v0,1.0,30000,34.281079610188804,39.83193206787109,27.17389678955078,6.470941772709273,3
h1hand-stair-v0,1.0,40000,29.29893430074056,47.64833068847656,7.472883224487305,20.3121143803478,3
h1hand-stair-v0,1.0,50000,40.02912839253744,49.34397888183594,25.20393943786621,12.97914668194054,3
h1hand-stair-v0,1.0,60000,54.900133768717446,63.5419921875,47.4991455078125,8.093086645929565,3
h1hand-stair-v0,1.0,70000,71.75516001383464,73.51273345947266,68.37132263183594,2.931224508232952,3
h1hand-stair-v0,1.0,80000,94.19085184733072,115.33015441894533,65.57774353027344,25.70445343805754,3
h1hand-stair-v0,1.0,90000,121.83374786376952,212.7860412597656,34.65315246582031,89.12631932746002,3
h1hand-stair-v0,1.0,100000,148.43892415364584,222.3506317138672,57.41795349121094,83.7868859031659,3
h1hand-stair-v0,1.0,110000,175.011838277181,260.165283203125,60.68860626220703,102.88777147923042,3
h1hand-stair-v0,1.0,120000,206.93526713053384,277.81793212890625,117.47714233398438,81.76844133313354,3
h1hand-stair-v0,1.0,130000,211.81085205078125,271.5246887207031,100.78948974609376,96.2391483872154,3
h1hand-stair-v0,1.0,140000,195.0365880330404,304.2227783203125,64.17296600341797,121.48420219745556,3
h1hand-stair-v0,1.0,150000,208.2594045003256,252.05584716796875,149.57777404785156,52.835740546956245,3
h1hand-stand-v0,1.0,10000,41.368934631347656,52.033424377441406,20.31143569946289,18.236834192737554,3
h1hand-stand-v0,1.0,20000,64.12247085571289,90.01473999023438,50.30232620239258,22.440389799007598,3
h1hand-stand-v0,1.0,30000,151.75223541259766,233.56161499023438,106.2862777709961,70.99567666121098,3
h1hand-stand-v0,1.0,40000,414.7007598876953,659.9593505859375,244.06272888183594,217.75828556641534,3
h1hand-stand-v0,1.0,50000,768.0867513020834,920.9449462890625,475.96783447265625,253.0737422100076,3
