_step,eval_avg_return,env_name,seed,run_id,run_name
5000,-2.6014811992645264,G1JoystickRoughTerrain,777,txt1twrf,G1JoystickRoughTerrain__g1rough_actor_fastsac_wodem__777
10000,19.394241333007812,G1JoystickRoughTerrain,777,txt1twrf,G1JoystickRoughTerrain__g1rough_actor_fastsac_wodem__777
15000,25.135244369506836,G1JoystickRoughTerrain,777,txt1twrf,G1JoystickRoughTerrain__g1rough_actor_fastsac_wodem__777
20000,29.95718765258789,G1JoystickRoughTerrain,777,txt1twrf,G1JoystickRoughTerrain__g1rough_actor_fastsac_wodem__777
25000,31.081623077392578,G1JoystickRoughTerrain,777,txt1twrf,G1JoystickRoughTerrain__g1rough_actor_fastsac_wodem__777
30000,31.653282165527344,G1JoystickRoughTerrain,777,txt1twrf,G1JoystickRoughTerrain__g1rough_actor_fastsac_wodem__777
35000,32.31321334838867,G1JoystickRoughTerrain,777,txt1twrf,G1JoystickRoughTerrain__g1rough_actor_fastsac_wodem__777
40000,32.20703887939453,G1JoystickRoughTerrain,777,txt1twrf,G1JoystickRoughTerrain__g1rough_actor_fastsac_wodem__777
45000,32.460994720458984,G1JoystickRoughTerrain,777,txt1twrf,G1JoystickRoughTerrain__g1rough_actor_fastsac_wodem__777
46000,32.714439392089844,G1JoystickRoughTerrain,777,txt1twrf,G1JoystickRoughTerrain__g1rough_actor_fastsac_wodem__777
5000,-2.8950917720794678,G1JoystickRoughTerrain,666,hlb1lghw,G1JoystickRoughTerrain__g1rough_actor_fastsac_wodem__666
10000,18.315475463867188,G1JoystickRoughTerrain,666,hlb1lghw,G1JoystickRoughTerrain__g1rough_actor_fastsac_wodem__666
15000,25.153839111328125,G1JoystickRoughTerrain,666,hlb1lghw,G1JoystickRoughTerrain__g1rough_actor_fastsac_wodem__666
20000,29.423200607299805,G1JoystickRoughTerrain,666,hlb1lghw,G1JoystickRoughTerrain__g1rough_actor_fastsac_wodem__666
25000,31.109066009521484,G1JoystickRoughTerrain,666,hlb1lghw,G1JoystickRoughTerrain__g1rough_actor_fastsac_wodem__666
30000,31.979623794555664,G1JoystickRoughTerrain,666,hlb1lghw,G1JoystickRoughTerrain__g1rough_actor_fastsac_wodem__666
35000,32.159645080566406,G1JoystickRoughTerrain,666,hlb1lghw,G1JoystickRoughTerrain__g1rough_actor_fastsac_wodem__666
40000,32.630760192871094,G1JoystickRoughTerrain,666,hlb1lghw,G1JoystickRoughTerrain__g1rough_actor_fastsac_wodem__666
45000,32.66716003417969,G1JoystickRoughTerrain,666,hlb1lghw,G1JoystickRoughTerrain__g1rough_actor_fastsac_wodem__666
46000,27.43487548828125,G1JoystickRoughTerrain,666,hlb1lghw,G1JoystickRoughTerrain__g1rough_actor_fastsac_wodem__666
5000,-2.3320629596710205,G1JoystickRoughTerrain,888,8pa5qi06,G1JoystickRoughTerrain__g1rough_actor_fastsac_wodem__888
10000,19.40422248840332,G1JoystickRoughTerrain,888,8pa5qi06,G1JoystickRoughTerrain__g1rough_actor_fastsac_wodem__888
15000,25.361572265625,G1JoystickRoughTerrain,888,8pa5qi06,G1JoystickRoughTerrain__g1rough_actor_fastsac_wodem__888
20000,29.44137191772461,G1JoystickRoughTerrain,888,8pa5qi06,G1JoystickRoughTerrain__g1rough_actor_fastsac_wodem__888
25000,31.233373641967773,G1JoystickRoughTerrain,888,8pa5qi06,G1JoystickRoughTerrain__g1rough_actor_fastsac_wodem__888
30000,32.3409423828125,G1JoystickRoughTerrain,888,8pa5qi06,G1JoystickRoughTerrain__g1rough_actor_fastsac_wodem__888
35000,32.05424499511719,G1JoystickRoughTerrain,888,8pa5qi06,G1JoystickRoughTerrain__g1rough_actor_fastsac_wodem__888
40000,32.74757766723633,G1JoystickRoughTerrain,888,8pa5qi06,G1JoystickRoughTerrain__g1rough_actor_fastsac_wodem__888
45000,32.82603454589844,G1JoystickRoughTerrain,888,8pa5qi06,G1JoystickRoughTerrain__g1rough_actor_fastsac_wodem__888
46000,32.613853454589844,G1JoystickRoughTerrain,888,8pa5qi06,G1JoystickRoughTerrain__g1rough_actor_fastsac_wodem__888
10000,14.220234870910645,h1hand-hurdle-v0,666,f2sb4jjw,h1hand-hurdle-v0__FastDSACT_evalhb_hard_ablation_wodem__666
20000,16.948772430419922,h1hand-hurdle-v0,666,f2sb4jjw,h1hand-hurdle-v0__FastDSACT_evalhb_hard_ablation_wodem__666
30000,14.470236778259277,h1hand-hurdle-v0,666,f2sb4jjw,h1hand-hurdle-v0__FastDSACT_evalhb_hard_ablation_wodem__666
40000,28.706796646118164,h1hand-hurdle-v0,666,f2sb4jjw,h1hand-hurdle-v0__FastDSACT_evalhb_hard_ablation_wodem__666
50000,44.15951156616211,h1hand-hurdle-v0,666,f2sb4jjw,h1hand-hurdle-v0__FastDSACT_evalhb_hard_ablation_wodem__666
60000,62.99830627441406,h1hand-hurdle-v0,666,f2sb4jjw,h1hand-hurdle-v0__FastDSACT_evalhb_hard_ablation_wodem__666
70000,67.24461364746094,h1hand-hurdle-v0,666,f2sb4jjw,h1hand-hurdle-v0__FastDSACT_evalhb_hard_ablation_wodem__666
80000,86.28213500976562,h1hand-hurdle-v0,666,f2sb4jjw,h1hand-hurdle-v0__FastDSACT_evalhb_hard_ablation_wodem__666
90000,84.60397338867188,h1hand-hurdle-v0,666,f2sb4jjw,h1hand-hurdle-v0__FastDSACT_evalhb_hard_ablation_wodem__666
100000,85.70468139648438,h1hand-hurdle-v0,666,f2sb4jjw,h1hand-hurdle-v0__FastDSACT_evalhb_hard_ablation_wodem__666
110000,91.17657470703125,h1hand-hurdle-v0,666,f2sb4jjw,h1hand-hurdle-v0__FastDSACT_evalhb_hard_ablation_wodem__666
120000,92.43485260009766,h1hand-hurdle-v0,666,f2sb4jjw,h1hand-hurdle-v0__FastDSACT_evalhb_hard_ablation_wodem__666
130000,96.74125671386719,h1hand-hurdle-v0,666,f2sb4jjw,h1hand-hurdle-v0__FastDSACT_evalhb_hard_ablation_wodem__666
140000,98.08290100097656,h1hand-hurdle-v0,666,f2sb4jjw,h1hand-hurdle-v0__FastDSACT_evalhb_hard_ablation_wodem__666
150000,125.21537017822266,h1hand-hurdle-v0,666,f2sb4jjw,h1hand-hurdle-v0__FastDSACT_evalhb_hard_ablation_wodem__666
160000,133.5320587158203,h1hand-hurdle-v0,666,f2sb4jjw,h1hand-hurdle-v0__FastDSACT_evalhb_hard_ablation_wodem__666
170000,132.54281616210938,h1hand-hurdle-v0,666,f2sb4jjw,h1hand-hurdle-v0__FastDSACT_evalhb_hard_ablation_wodem__666
180000,147.1341552734375,h1hand-hurdle-v0,666,f2sb4jjw,h1hand-hurdle-v0__FastDSACT_evalhb_hard_ablation_wodem__666
190000,173.36395263671875,h1hand-hurdle-v0,666,f2sb4jjw,h1hand-hurdle-v0__FastDSACT_evalhb_hard_ablation_wodem__666
200000,168.43402099609375,h1hand-hurdle-v0,666,f2sb4jjw,h1hand-hurdle-v0__FastDSACT_evalhb_hard_ablation_wodem__666
210000,189.57571411132812,h1hand-hurdle-v0,666,f2sb4jjw,h1hand-hurdle-v0__FastDSACT_evalhb_hard_ablation_wodem__666
220000,179.181640625,h1hand-hurdle-v0,666,f2sb4jjw,h1hand-hurdle-v0__FastDSACT_evalhb_hard_ablation_wodem__666
230000,203.16067504882812,h1hand-hurdle-v0,666,f2sb4jjw,h1hand-hurdle-v0__FastDSACT_evalhb_hard_ablation_wodem__666
240000,191.60986328125,h1hand-hurdle-v0,666,f2sb4jjw,h1hand-hurdle-v0__FastDSACT_evalhb_hard_ablation_wodem__666
250000,254.9148712158203,h1hand-hurdle-v0,666,f2sb4jjw,h1hand-hurdle-v0__FastDSACT_evalhb_hard_ablation_wodem__666
260000,254.27590942382812,h1hand-hurdle-v0,666,f2sb4jjw,h1hand-hurdle-v0__FastDSACT_evalhb_hard_ablation_wodem__666
270000,258.7632751464844,h1hand-hurdle-v0,666,f2sb4jjw,h1hand-hurdle-v0__FastDSACT_evalhb_hard_ablation_wodem__666
280000,294.11578369140625,h1hand-hurdle-v0,666,f2sb4jjw,h1hand-hurdle-v0__FastDSACT_evalhb_hard_ablation_wodem__666
290000,295.336669921875,h1hand-hurdle-v0,666,f2sb4jjw,h1hand-hurdle-v0__FastDSACT_evalhb_hard_ablation_wodem__666
300000,299.1360778808594,h1hand-hurdle-v0,666,f2sb4jjw,h1hand-hurdle-v0__FastDSACT_evalhb_hard_ablation_wodem__666
10000,20.491683959960938,h1hand-basketball-v0,666,ijw8i95g,h1hand-basketball-v0__FastDSACT_evalhb_hard_ablation_wodem__666
20000,41.872764587402344,h1hand-basketball-v0,666,ijw8i95g,h1hand-basketball-v0__FastDSACT_evalhb_hard_ablation_wodem__666
30000,194.1312255859375,h1hand-basketball-v0,666,ijw8i95g,h1hand-basketball-v0__FastDSACT_evalhb_hard_ablation_wodem__666
40000,193.1017303466797,h1hand-basketball-v0,666,ijw8i95g,h1hand-basketball-v0__FastDSACT_evalhb_hard_ablation_wodem__666
50000,201.66537475585938,h1hand-basketball-v0,666,ijw8i95g,h1hand-basketball-v0__FastDSACT_evalhb_hard_ablation_wodem__666
60000,190.1019744873047,h1hand-basketball-v0,666,ijw8i95g,h1hand-basketball-v0__FastDSACT_evalhb_hard_ablation_wodem__666
70000,156.60488891601562,h1hand-basketball-v0,666,ijw8i95g,h1hand-basketball-v0__FastDSACT_evalhb_hard_ablation_wodem__666
80000,164.65155029296875,h1hand-basketball-v0,666,ijw8i95g,h1hand-basketball-v0__FastDSACT_evalhb_hard_ablation_wodem__666
90000,179.35699462890625,h1hand-basketball-v0,666,ijw8i95g,h1hand-basketball-v0__FastDSACT_evalhb_hard_ablation_wodem__666
100000,123.89046478271484,h1hand-basketball-v0,666,ijw8i95g,h1hand-basketball-v0__FastDSACT_evalhb_hard_ablation_wodem__666
110000,144.77333068847656,h1hand-basketball-v0,666,ijw8i95g,h1hand-basketball-v0__FastDSACT_evalhb_hard_ablation_wodem__666
120000,131.93370056152344,h1hand-basketball-v0,666,ijw8i95g,h1hand-basketball-v0__FastDSACT_evalhb_hard_ablation_wodem__666
130000,128.22286987304688,h1hand-basketball-v0,666,ijw8i95g,h1hand-basketball-v0__FastDSACT_evalhb_hard_ablation_wodem__666
140000,248.31271362304688,h1hand-basketball-v0,666,ijw8i95g,h1hand-basketball-v0__FastDSACT_evalhb_hard_ablation_wodem__666
150000,219.5340576171875,h1hand-basketball-v0,666,ijw8i95g,h1hand-basketball-v0__FastDSACT_evalhb_hard_ablation_wodem__666
160000,140.29782104492188,h1hand-basketball-v0,666,ijw8i95g,h1hand-basketball-v0__FastDSACT_evalhb_hard_ablation_wodem__666
170000,274.5933837890625,h1hand-basketball-v0,666,ijw8i95g,h1hand-basketball-v0__FastDSACT_evalhb_hard_ablation_wodem__666
180000,308.00726318359375,h1hand-basketball-v0,666,ijw8i95g,h1hand-basketball-v0__FastDSACT_evalhb_hard_ablation_wodem__666
190000,312.2874755859375,h1hand-basketball-v0,666,ijw8i95g,h1hand-basketball-v0__FastDSACT_evalhb_hard_ablation_wodem__666
200000,298.9283447265625,h1hand-basketball-v0,666,ijw8i95g,h1hand-basketball-v0__FastDSACT_evalhb_hard_ablation_wodem__666
210000,303.4498291015625,h1hand-basketball-v0,666,ijw8i95g,h1hand-basketball-v0__FastDSACT_evalhb_hard_ablation_wodem__666
220000,237.18991088867188,h1hand-basketball-v0,666,ijw8i95g,h1hand-basketball-v0__FastDSACT_evalhb_hard_ablation_wodem__666
230000,295.2991943359375,h1hand-basketball-v0,666,ijw8i95g,h1hand-basketball-v0__FastDSACT_evalhb_hard_ablation_wodem__666
240000,271.2576904296875,h1hand-basketball-v0,666,ijw8i95g,h1hand-basketball-v0__FastDSACT_evalhb_hard_ablation_wodem__666
250000,328.8267822265625,h1hand-basketball-v0,666,ijw8i95g,h1hand-basketball-v0__FastDSACT_evalhb_hard_ablation_wodem__666
10000,11.33479118347168,h1hand-hurdle-v0,888,apcq8b08,h1hand-hurdle-v0__FastDSACT_evalhb_hard_ablation_wodem__888
20000,23.9621639251709,h1hand-hurdle-v0,888,apcq8b08,h1hand-hurdle-v0__FastDSACT_evalhb_hard_ablation_wodem__888
30000,23.52779769897461,h1hand-hurdle-v0,888,apcq8b08,h1hand-hurdle-v0__FastDSACT_evalhb_hard_ablation_wodem__888
40000,31.391130447387695,h1hand-hurdle-v0,888,apcq8b08,h1hand-hurdle-v0__FastDSACT_evalhb_hard_ablation_wodem__888
50000,52.89836883544922,h1hand-hurdle-v0,888,apcq8b08,h1hand-hurdle-v0__FastDSACT_evalhb_hard_ablation_wodem__888
60000,51.49748992919922,h1hand-hurdle-v0,888,apcq8b08,h1hand-hurdle-v0__FastDSACT_evalhb_hard_ablation_wodem__888
70000,72.5340347290039,h1hand-hurdle-v0,888,apcq8b08,h1hand-hurdle-v0__FastDSACT_evalhb_hard_ablation_wodem__888
80000,84.68079376220703,h1hand-hurdle-v0,888,apcq8b08,h1hand-hurdle-v0__FastDSACT_evalhb_hard_ablation_wodem__888
90000,87.07128143310547,h1hand-hurdle-v0,888,apcq8b08,h1hand-hurdle-v0__FastDSACT_evalhb_hard_ablation_wodem__888
100000,88.13521575927734,h1hand-hurdle-v0,888,apcq8b08,h1hand-hurdle-v0__FastDSACT_evalhb_hard_ablation_wodem__888
110000,93.91451263427734,h1hand-hurdle-v0,888,apcq8b08,h1hand-hurdle-v0__FastDSACT_evalhb_hard_ablation_wodem__888
120000,83.2525634765625,h1hand-hurdle-v0,888,apcq8b08,h1hand-hurdle-v0__FastDSACT_evalhb_hard_ablation_wodem__888
130000,106.85865020751953,h1hand-hurdle-v0,888,apcq8b08,h1hand-hurdle-v0__FastDSACT_evalhb_hard_ablation_wodem__888
140000,110.12973022460938,h1hand-hurdle-v0,888,apcq8b08,h1hand-hurdle-v0__FastDSACT_evalhb_hard_ablation_wodem__888
150000,118.63397979736328,h1hand-hurdle-v0,888,apcq8b08,h1hand-hurdle-v0__FastDSACT_evalhb_hard_ablation_wodem__888
160000,130.503662109375,h1hand-hurdle-v0,888,apcq8b08,h1hand-hurdle-v0__FastDSACT_evalhb_hard_ablation_wodem__888
170000,134.68592834472656,h1hand-hurdle-v0,888,apcq8b08,h1hand-hurdle-v0__FastDSACT_evalhb_hard_ablation_wodem__888
180000,144.66751098632812,h1hand-hurdle-v0,888,apcq8b08,h1hand-hurdle-v0__FastDSACT_evalhb_hard_ablation_wodem__888
190000,150.59359741210938,h1hand-hurdle-v0,888,apcq8b08,h1hand-hurdle-v0__FastDSACT_evalhb_hard_ablation_wodem__888
200000,40.186866760253906,h1hand-hurdle-v0,888,apcq8b08,h1hand-hurdle-v0__FastDSACT_evalhb_hard_ablation_wodem__888
210000,164.3453369140625,h1hand-hurdle-v0,888,apcq8b08,h1hand-hurdle-v0__FastDSACT_evalhb_hard_ablation_wodem__888
220000,176.79971313476562,h1hand-hurdle-v0,888,apcq8b08,h1hand-hurdle-v0__FastDSACT_evalhb_hard_ablation_wodem__888
230000,190.721435546875,h1hand-hurdle-v0,888,apcq8b08,h1hand-hurdle-v0__FastDSACT_evalhb_hard_ablation_wodem__888
240000,181.57009887695312,h1hand-hurdle-v0,888,apcq8b08,h1hand-hurdle-v0__FastDSACT_evalhb_hard_ablation_wodem__888
250000,200.96385192871094,h1hand-hurdle-v0,888,apcq8b08,h1hand-hurdle-v0__FastDSACT_evalhb_hard_ablation_wodem__888
260000,220.2504425048828,h1hand-hurdle-v0,888,apcq8b08,h1hand-hurdle-v0__FastDSACT_evalhb_hard_ablation_wodem__888
270000,193.48190307617188,h1hand-hurdle-v0,888,apcq8b08,h1hand-hurdle-v0__FastDSACT_evalhb_hard_ablation_wodem__888
280000,215.3311309814453,h1hand-hurdle-v0,888,apcq8b08,h1hand-hurdle-v0__FastDSACT_evalhb_hard_ablation_wodem__888
290000,243.98532104492188,h1hand-hurdle-v0,888,apcq8b08,h1hand-hurdle-v0__FastDSACT_evalhb_hard_ablation_wodem__888
300000,264.4192199707031,h1hand-hurdle-v0,888,apcq8b08,h1hand-hurdle-v0__FastDSACT_evalhb_hard_ablation_wodem__888
10000,16.784196853637695,h1hand-hurdle-v0,777,32vsqbil,h1hand-hurdle-v0__FastDSACT_evalhb_hard_ablation_wodem__777
20000,33.5216064453125,h1hand-hurdle-v0,777,32vsqbil,h1hand-hurdle-v0__FastDSACT_evalhb_hard_ablation_wodem__777
30000,51.49540710449219,h1hand-hurdle-v0,777,32vsqbil,h1hand-hurdle-v0__FastDSACT_evalhb_hard_ablation_wodem__777
40000,77.86912536621094,h1hand-hurdle-v0,777,32vsqbil,h1hand-hurdle-v0__FastDSACT_evalhb_hard_ablation_wodem__777
50000,96.23725128173828,h1hand-hurdle-v0,777,32vsqbil,h1hand-hurdle-v0__FastDSACT_evalhb_hard_ablation_wodem__777
60000,105.75873565673828,h1hand-hurdle-v0,777,32vsqbil,h1hand-hurdle-v0__FastDSACT_evalhb_hard_ablation_wodem__777
70000,161.8662872314453,h1hand-hurdle-v0,777,32vsqbil,h1hand-hurdle-v0__FastDSACT_evalhb_hard_ablation_wodem__777
80000,238.58831787109375,h1hand-hurdle-v0,777,32vsqbil,h1hand-hurdle-v0__FastDSACT_evalhb_hard_ablation_wodem__777
90000,283.4208984375,h1hand-hurdle-v0,777,32vsqbil,h1hand-hurdle-v0__FastDSACT_evalhb_hard_ablation_wodem__777
100000,362.32916259765625,h1hand-hurdle-v0,777,32vsqbil,h1hand-hurdle-v0__FastDSACT_evalhb_hard_ablation_wodem__777
110000,394.2921142578125,h1hand-hurdle-v0,777,32vsqbil,h1hand-hurdle-v0__FastDSACT_evalhb_hard_ablation_wodem__777
120000,700.8125610351562,h1hand-hurdle-v0,777,32vsqbil,h1hand-hurdle-v0__FastDSACT_evalhb_hard_ablation_wodem__777
130000,739.2340087890625,h1hand-hurdle-v0,777,32vsqbil,h1hand-hurdle-v0__FastDSACT_evalhb_hard_ablation_wodem__777
140000,855.8015747070312,h1hand-hurdle-v0,777,32vsqbil,h1hand-hurdle-v0__FastDSACT_evalhb_hard_ablation_wodem__777
150000,853.4136962890625,h1hand-hurdle-v0,777,32vsqbil,h1hand-hurdle-v0__FastDSACT_evalhb_hard_ablation_wodem__777
160000,774.918212890625,h1hand-hurdle-v0,777,32vsqbil,h1hand-hurdle-v0__FastDSACT_evalhb_hard_ablation_wodem__777
170000,663.6097412109375,h1hand-hurdle-v0,777,32vsqbil,h1hand-hurdle-v0__FastDSACT_evalhb_hard_ablation_wodem__777
180000,831.9886474609375,h1hand-hurdle-v0,777,32vsqbil,h1hand-hurdle-v0__FastDSACT_evalhb_hard_ablation_wodem__777
190000,766.289306640625,h1hand-hurdle-v0,777,32vsqbil,h1hand-hurdle-v0__FastDSACT_evalhb_hard_ablation_wodem__777
200000,881.8787841796875,h1hand-hurdle-v0,777,32vsqbil,h1hand-hurdle-v0__FastDSACT_evalhb_hard_ablation_wodem__777
210000,887.75341796875,h1hand-hurdle-v0,777,32vsqbil,h1hand-hurdle-v0__FastDSACT_evalhb_hard_ablation_wodem__777
220000,808.4007568359375,h1hand-hurdle-v0,777,32vsqbil,h1hand-hurdle-v0__FastDSACT_evalhb_hard_ablation_wodem__777
230000,706.6587524414062,h1hand-hurdle-v0,777,32vsqbil,h1hand-hurdle-v0__FastDSACT_evalhb_hard_ablation_wodem__777
240000,863.474609375,h1hand-hurdle-v0,777,32vsqbil,h1hand-hurdle-v0__FastDSACT_evalhb_hard_ablation_wodem__777
250000,738.3154296875,h1hand-hurdle-v0,777,32vsqbil,h1hand-hurdle-v0__FastDSACT_evalhb_hard_ablation_wodem__777
260000,826.679443359375,h1hand-hurdle-v0,777,32vsqbil,h1hand-hurdle-v0__FastDSACT_evalhb_hard_ablation_wodem__777
270000,782.5599365234375,h1hand-hurdle-v0,777,32vsqbil,h1hand-hurdle-v0__FastDSACT_evalhb_hard_ablation_wodem__777
280000,826.6499633789062,h1hand-hurdle-v0,777,32vsqbil,h1hand-hurdle-v0__FastDSACT_evalhb_hard_ablation_wodem__777
290000,897.6986083984375,h1hand-hurdle-v0,777,32vsqbil,h1hand-hurdle-v0__FastDSACT_evalhb_hard_ablation_wodem__777
300000,847.9921264648438,h1hand-hurdle-v0,777,32vsqbil,h1hand-hurdle-v0__FastDSACT_evalhb_hard_ablation_wodem__777
10000,22.516876220703125,h1hand-basketball-v0,777,wh7yb9tf,h1hand-basketball-v0__FastDSACT_evalhb_hard_ablation_wodem__777
20000,60.34935760498047,h1hand-basketball-v0,777,wh7yb9tf,h1hand-basketball-v0__FastDSACT_evalhb_hard_ablation_wodem__777
30000,83.45033264160156,h1hand-basketball-v0,777,wh7yb9tf,h1hand-basketball-v0__FastDSACT_evalhb_hard_ablation_wodem__777
40000,88.94520568847656,h1hand-basketball-v0,777,wh7yb9tf,h1hand-basketball-v0__FastDSACT_evalhb_hard_ablation_wodem__777
50000,49.90176010131836,h1hand-basketball-v0,777,wh7yb9tf,h1hand-basketball-v0__FastDSACT_evalhb_hard_ablation_wodem__777
60000,59.388389587402344,h1hand-basketball-v0,777,wh7yb9tf,h1hand-basketball-v0__FastDSACT_evalhb_hard_ablation_wodem__777
70000,156.37551879882812,h1hand-basketball-v0,777,wh7yb9tf,h1hand-basketball-v0__FastDSACT_evalhb_hard_ablation_wodem__777
80000,290.1986389160156,h1hand-basketball-v0,777,wh7yb9tf,h1hand-basketball-v0__FastDSACT_evalhb_hard_ablation_wodem__777
90000,497.9627990722656,h1hand-basketball-v0,777,wh7yb9tf,h1hand-basketball-v0__FastDSACT_evalhb_hard_ablation_wodem__777
100000,461.24713134765625,h1hand-basketball-v0,777,wh7yb9tf,h1hand-basketball-v0__FastDSACT_evalhb_hard_ablation_wodem__777
110000,618.5789794921875,h1hand-basketball-v0,777,wh7yb9tf,h1hand-basketball-v0__FastDSACT_evalhb_hard_ablation_wodem__777
120000,780.0462646484375,h1hand-basketball-v0,777,wh7yb9tf,h1hand-basketball-v0__FastDSACT_evalhb_hard_ablation_wodem__777
130000,870.9882202148438,h1hand-basketball-v0,777,wh7yb9tf,h1hand-basketball-v0__FastDSACT_evalhb_hard_ablation_wodem__777
140000,779.0040283203125,h1hand-basketball-v0,777,wh7yb9tf,h1hand-basketball-v0__FastDSACT_evalhb_hard_ablation_wodem__777
150000,832.8319702148438,h1hand-basketball-v0,777,wh7yb9tf,h1hand-basketball-v0__FastDSACT_evalhb_hard_ablation_wodem__777
160000,795.0322265625,h1hand-basketball-v0,777,wh7yb9tf,h1hand-basketball-v0__FastDSACT_evalhb_hard_ablation_wodem__777
170000,640.0858764648438,h1hand-basketball-v0,777,wh7yb9tf,h1hand-basketball-v0__FastDSACT_evalhb_hard_ablation_wodem__777
180000,847.34228515625,h1hand-basketball-v0,777,wh7yb9tf,h1hand-basketball-v0__FastDSACT_evalhb_hard_ablation_wodem__777
190000,893.085693359375,h1hand-basketball-v0,777,wh7yb9tf,h1hand-basketball-v0__FastDSACT_evalhb_hard_ablation_wodem__777
200000,847.47900390625,h1hand-basketball-v0,777,wh7yb9tf,h1hand-basketball-v0__FastDSACT_evalhb_hard_ablation_wodem__777
210000,716.0064697265625,h1hand-basketball-v0,777,wh7yb9tf,h1hand-basketball-v0__FastDSACT_evalhb_hard_ablation_wodem__777
220000,899.8154296875,h1hand-basketball-v0,777,wh7yb9tf,h1hand-basketball-v0__FastDSACT_evalhb_hard_ablation_wodem__777
230000,708.6998901367188,h1hand-basketball-v0,777,wh7yb9tf,h1hand-basketball-v0__FastDSACT_evalhb_hard_ablation_wodem__777
240000,831.650634765625,h1hand-basketball-v0,777,wh7yb9tf,h1hand-basketball-v0__FastDSACT_evalhb_hard_ablation_wodem__777
250000,922.5714111328125,h1hand-basketball-v0,777,wh7yb9tf,h1hand-basketball-v0__FastDSACT_evalhb_hard_ablation_wodem__777
10000,90.1002197265625,h1hand-insert_normal-v0,666,bbw9z6e9,h1hand-insert_normal-v0__FastDSACT_evalhb_hard_ablation_wodem__666
20000,170.00140380859375,h1hand-insert_normal-v0,666,bbw9z6e9,h1hand-insert_normal-v0__FastDSACT_evalhb_hard_ablation_wodem__666
30000,173.95501708984375,h1hand-insert_normal-v0,666,bbw9z6e9,h1hand-insert_normal-v0__FastDSACT_evalhb_hard_ablation_wodem__666
40000,173.46168518066406,h1hand-insert_normal-v0,666,bbw9z6e9,h1hand-insert_normal-v0__FastDSACT_evalhb_hard_ablation_wodem__666
50000,175.99496459960938,h1hand-insert_normal-v0,666,bbw9z6e9,h1hand-insert_normal-v0__FastDSACT_evalhb_hard_ablation_wodem__666
60000,159.04678344726562,h1hand-insert_normal-v0,666,bbw9z6e9,h1hand-insert_normal-v0__FastDSACT_evalhb_hard_ablation_wodem__666
70000,164.84463500976562,h1hand-insert_normal-v0,666,bbw9z6e9,h1hand-insert_normal-v0__FastDSACT_evalhb_hard_ablation_wodem__666
80000,178.2244873046875,h1hand-insert_normal-v0,666,bbw9z6e9,h1hand-insert_normal-v0__FastDSACT_evalhb_hard_ablation_wodem__666
90000,188.52854919433594,h1hand-insert_normal-v0,666,bbw9z6e9,h1hand-insert_normal-v0__FastDSACT_evalhb_hard_ablation_wodem__666
100000,203.0635528564453,h1hand-insert_normal-v0,666,bbw9z6e9,h1hand-insert_normal-v0__FastDSACT_evalhb_hard_ablation_wodem__666
10000,95.82650756835938,h1hand-sit_hard-v0,666,7odv1m5x,h1hand-sit_hard-v0__FastDSACT_evalhb_hard_ablation_wodem__666
20000,422.61395263671875,h1hand-sit_hard-v0,666,7odv1m5x,h1hand-sit_hard-v0__FastDSACT_evalhb_hard_ablation_wodem__666
30000,805.3609619140625,h1hand-sit_hard-v0,666,7odv1m5x,h1hand-sit_hard-v0__FastDSACT_evalhb_hard_ablation_wodem__666
40000,886.4341430664062,h1hand-sit_hard-v0,666,7odv1m5x,h1hand-sit_hard-v0__FastDSACT_evalhb_hard_ablation_wodem__666
50000,871.0570678710938,h1hand-sit_hard-v0,666,7odv1m5x,h1hand-sit_hard-v0__FastDSACT_evalhb_hard_ablation_wodem__666
60000,879.458984375,h1hand-sit_hard-v0,666,7odv1m5x,h1hand-sit_hard-v0__FastDSACT_evalhb_hard_ablation_wodem__666
70000,868.8854370117188,h1hand-sit_hard-v0,666,7odv1m5x,h1hand-sit_hard-v0__FastDSACT_evalhb_hard_ablation_wodem__666
80000,847.5390014648438,h1hand-sit_hard-v0,666,7odv1m5x,h1hand-sit_hard-v0__FastDSACT_evalhb_hard_ablation_wodem__666
90000,823.9072265625,h1hand-sit_hard-v0,666,7odv1m5x,h1hand-sit_hard-v0__FastDSACT_evalhb_hard_ablation_wodem__666
100000,847.08154296875,h1hand-sit_hard-v0,666,7odv1m5x,h1hand-sit_hard-v0__FastDSACT_evalhb_hard_ablation_wodem__666
110000,804.900146484375,h1hand-sit_hard-v0,666,7odv1m5x,h1hand-sit_hard-v0__FastDSACT_evalhb_hard_ablation_wodem__666
120000,830.3748168945312,h1hand-sit_hard-v0,666,7odv1m5x,h1hand-sit_hard-v0__FastDSACT_evalhb_hard_ablation_wodem__666
130000,816.423828125,h1hand-sit_hard-v0,666,7odv1m5x,h1hand-sit_hard-v0__FastDSACT_evalhb_hard_ablation_wodem__666
140000,858.97021484375,h1hand-sit_hard-v0,666,7odv1m5x,h1hand-sit_hard-v0__FastDSACT_evalhb_hard_ablation_wodem__666
150000,863.90576171875,h1hand-sit_hard-v0,666,7odv1m5x,h1hand-sit_hard-v0__FastDSACT_evalhb_hard_ablation_wodem__666
10000,190.00546264648438,h1hand-sit_hard-v0,777,m178q125,h1hand-sit_hard-v0__FastDSACT_evalhb_hard_ablation_wodem__777
20000,874.12060546875,h1hand-sit_hard-v0,777,m178q125,h1hand-sit_hard-v0__FastDSACT_evalhb_hard_ablation_wodem__777
30000,910.9859619140625,h1hand-sit_hard-v0,777,m178q125,h1hand-sit_hard-v0__FastDSACT_evalhb_hard_ablation_wodem__777
40000,832.6234130859375,h1hand-sit_hard-v0,777,m178q125,h1hand-sit_hard-v0__FastDSACT_evalhb_hard_ablation_wodem__777
50000,868.470947265625,h1hand-sit_hard-v0,777,m178q125,h1hand-sit_hard-v0__FastDSACT_evalhb_hard_ablation_wodem__777
60000,770.7691650390625,h1hand-sit_hard-v0,777,m178q125,h1hand-sit_hard-v0__FastDSACT_evalhb_hard_ablation_wodem__777
70000,882.8991088867188,h1hand-sit_hard-v0,777,m178q125,h1hand-sit_hard-v0__FastDSACT_evalhb_hard_ablation_wodem__777
80000,758.7142944335938,h1hand-sit_hard-v0,777,m178q125,h1hand-sit_hard-v0__FastDSACT_evalhb_hard_ablation_wodem__777
90000,893.3673095703125,h1hand-sit_hard-v0,777,m178q125,h1hand-sit_hard-v0__FastDSACT_evalhb_hard_ablation_wodem__777
100000,845.774658203125,h1hand-sit_hard-v0,777,m178q125,h1hand-sit_hard-v0__FastDSACT_evalhb_hard_ablation_wodem__777
110000,879.6683959960938,h1hand-sit_hard-v0,777,m178q125,h1hand-sit_hard-v0__FastDSACT_evalhb_hard_ablation_wodem__777
120000,911.78515625,h1hand-sit_hard-v0,777,m178q125,h1hand-sit_hard-v0__FastDSACT_evalhb_hard_ablation_wodem__777
130000,895.1983642578125,h1hand-sit_hard-v0,777,m178q125,h1hand-sit_hard-v0__FastDSACT_evalhb_hard_ablation_wodem__777
140000,900.3995361328125,h1hand-sit_hard-v0,777,m178q125,h1hand-sit_hard-v0__FastDSACT_evalhb_hard_ablation_wodem__777
150000,787.1813354492188,h1hand-sit_hard-v0,777,m178q125,h1hand-sit_hard-v0__FastDSACT_evalhb_hard_ablation_wodem__777
10000,22.947925567626953,h1hand-basketball-v0,888,eqd1d9y1,h1hand-basketball-v0__FastDSACT_evalhb_hard_ablation_wodem__888
20000,58.081687927246094,h1hand-basketball-v0,888,eqd1d9y1,h1hand-basketball-v0__FastDSACT_evalhb_hard_ablation_wodem__888
30000,145.64306640625,h1hand-basketball-v0,888,eqd1d9y1,h1hand-basketball-v0__FastDSACT_evalhb_hard_ablation_wodem__888
40000,116.02714538574219,h1hand-basketball-v0,888,eqd1d9y1,h1hand-basketball-v0__FastDSACT_evalhb_hard_ablation_wodem__888
50000,61.02870178222656,h1hand-basketball-v0,888,eqd1d9y1,h1hand-basketball-v0__FastDSACT_evalhb_hard_ablation_wodem__888
60000,127.18567657470703,h1hand-basketball-v0,888,eqd1d9y1,h1hand-basketball-v0__FastDSACT_evalhb_hard_ablation_wodem__888
70000,177.75396728515625,h1hand-basketball-v0,888,eqd1d9y1,h1hand-basketball-v0__FastDSACT_evalhb_hard_ablation_wodem__888
80000,210.2185516357422,h1hand-basketball-v0,888,eqd1d9y1,h1hand-basketball-v0__FastDSACT_evalhb_hard_ablation_wodem__888
90000,423.865966796875,h1hand-basketball-v0,888,eqd1d9y1,h1hand-basketball-v0__FastDSACT_evalhb_hard_ablation_wodem__888
100000,606.19970703125,h1hand-basketball-v0,888,eqd1d9y1,h1hand-basketball-v0__FastDSACT_evalhb_hard_ablation_wodem__888
110000,615.3592529296875,h1hand-basketball-v0,888,eqd1d9y1,h1hand-basketball-v0__FastDSACT_evalhb_hard_ablation_wodem__888
120000,580.7586059570312,h1hand-basketball-v0,888,eqd1d9y1,h1hand-basketball-v0__FastDSACT_evalhb_hard_ablation_wodem__888
130000,790.2490844726562,h1hand-basketball-v0,888,eqd1d9y1,h1hand-basketball-v0__FastDSACT_evalhb_hard_ablation_wodem__888
140000,728.9457397460938,h1hand-basketball-v0,888,eqd1d9y1,h1hand-basketball-v0__FastDSACT_evalhb_hard_ablation_wodem__888
150000,766.5733642578125,h1hand-basketball-v0,888,eqd1d9y1,h1hand-basketball-v0__FastDSACT_evalhb_hard_ablation_wodem__888
160000,843.5770874023438,h1hand-basketball-v0,888,eqd1d9y1,h1hand-basketball-v0__FastDSACT_evalhb_hard_ablation_wodem__888
170000,942.0118408203125,h1hand-basketball-v0,888,eqd1d9y1,h1hand-basketball-v0__FastDSACT_evalhb_hard_ablation_wodem__888
180000,941.83251953125,h1hand-basketball-v0,888,eqd1d9y1,h1hand-basketball-v0__FastDSACT_evalhb_hard_ablation_wodem__888
190000,780.6032104492188,h1hand-basketball-v0,888,eqd1d9y1,h1hand-basketball-v0__FastDSACT_evalhb_hard_ablation_wodem__888
200000,858.6307373046875,h1hand-basketball-v0,888,eqd1d9y1,h1hand-basketball-v0__FastDSACT_evalhb_hard_ablation_wodem__888
210000,818.3197021484375,h1hand-basketball-v0,888,eqd1d9y1,h1hand-basketball-v0__FastDSACT_evalhb_hard_ablation_wodem__888
220000,979.495361328125,h1hand-basketball-v0,888,eqd1d9y1,h1hand-basketball-v0__FastDSACT_evalhb_hard_ablation_wodem__888
230000,772.9391479492188,h1hand-basketball-v0,888,eqd1d9y1,h1hand-basketball-v0__FastDSACT_evalhb_hard_ablation_wodem__888
240000,818.0760498046875,h1hand-basketball-v0,888,eqd1d9y1,h1hand-basketball-v0__FastDSACT_evalhb_hard_ablation_wodem__888
250000,847.8233642578125,h1hand-basketball-v0,888,eqd1d9y1,h1hand-basketball-v0__FastDSACT_evalhb_hard_ablation_wodem__888
10000,100.55256652832031,h1hand-sit_hard-v0,888,62igu7uz,h1hand-sit_hard-v0__FastDSACT_evalhb_hard_ablation_wodem__888
20000,792.510498046875,h1hand-sit_hard-v0,888,62igu7uz,h1hand-sit_hard-v0__FastDSACT_evalhb_hard_ablation_wodem__888
30000,866.1544189453125,h1hand-sit_hard-v0,888,62igu7uz,h1hand-sit_hard-v0__FastDSACT_evalhb_hard_ablation_wodem__888
40000,911.5723876953125,h1hand-sit_hard-v0,888,62igu7uz,h1hand-sit_hard-v0__FastDSACT_evalhb_hard_ablation_wodem__888
50000,877.6673583984375,h1hand-sit_hard-v0,888,62igu7uz,h1hand-sit_hard-v0__FastDSACT_evalhb_hard_ablation_wodem__888
60000,894.4734497070312,h1hand-sit_hard-v0,888,62igu7uz,h1hand-sit_hard-v0__FastDSACT_evalhb_hard_ablation_wodem__888
70000,888.84326171875,h1hand-sit_hard-v0,888,62igu7uz,h1hand-sit_hard-v0__FastDSACT_evalhb_hard_ablation_wodem__888
80000,873.3494262695312,h1hand-sit_hard-v0,888,62igu7uz,h1hand-sit_hard-v0__FastDSACT_evalhb_hard_ablation_wodem__888
90000,867.17431640625,h1hand-sit_hard-v0,888,62igu7uz,h1hand-sit_hard-v0__FastDSACT_evalhb_hard_ablation_wodem__888
100000,891.1828002929688,h1hand-sit_hard-v0,888,62igu7uz,h1hand-sit_hard-v0__FastDSACT_evalhb_hard_ablation_wodem__888
110000,787.5087890625,h1hand-sit_hard-v0,888,62igu7uz,h1hand-sit_hard-v0__FastDSACT_evalhb_hard_ablation_wodem__888
120000,867.7091064453125,h1hand-sit_hard-v0,888,62igu7uz,h1hand-sit_hard-v0__FastDSACT_evalhb_hard_ablation_wodem__888
130000,899.3143310546875,h1hand-sit_hard-v0,888,62igu7uz,h1hand-sit_hard-v0__FastDSACT_evalhb_hard_ablation_wodem__888
140000,682.7406005859375,h1hand-sit_hard-v0,888,62igu7uz,h1hand-sit_hard-v0__FastDSACT_evalhb_hard_ablation_wodem__888
150000,401.4228515625,h1hand-sit_hard-v0,888,62igu7uz,h1hand-sit_hard-v0__FastDSACT_evalhb_hard_ablation_wodem__888
10000,96.9287109375,h1hand-insert_normal-v0,777,v9vp4zks,h1hand-insert_normal-v0__FastDSACT_evalhb_hard_ablation_wodem__777
20000,180.79122924804688,h1hand-insert_normal-v0,777,v9vp4zks,h1hand-insert_normal-v0__FastDSACT_evalhb_hard_ablation_wodem__777
30000,181.87579345703125,h1hand-insert_normal-v0,777,v9vp4zks,h1hand-insert_normal-v0__FastDSACT_evalhb_hard_ablation_wodem__777
40000,185.82894897460938,h1hand-insert_normal-v0,777,v9vp4zks,h1hand-insert_normal-v0__FastDSACT_evalhb_hard_ablation_wodem__777
50000,187.10671997070312,h1hand-insert_normal-v0,777,v9vp4zks,h1hand-insert_normal-v0__FastDSACT_evalhb_hard_ablation_wodem__777
60000,190.55783081054688,h1hand-insert_normal-v0,777,v9vp4zks,h1hand-insert_normal-v0__FastDSACT_evalhb_hard_ablation_wodem__777
70000,205.73043823242188,h1hand-insert_normal-v0,777,v9vp4zks,h1hand-insert_normal-v0__FastDSACT_evalhb_hard_ablation_wodem__777
80000,214.19015502929688,h1hand-insert_normal-v0,777,v9vp4zks,h1hand-insert_normal-v0__FastDSACT_evalhb_hard_ablation_wodem__777
90000,223.79013061523438,h1hand-insert_normal-v0,777,v9vp4zks,h1hand-insert_normal-v0__FastDSACT_evalhb_hard_ablation_wodem__777
100000,228.73907470703125,h1hand-insert_normal-v0,777,v9vp4zks,h1hand-insert_normal-v0__FastDSACT_evalhb_hard_ablation_wodem__777
10000,54.557125091552734,h1hand-balance_hard-v0,888,zo4986ep,h1hand-balance_hard-v0__FastDSACT_evalhb_hard_ablation_wodem__888
20000,60.71354293823242,h1hand-balance_hard-v0,888,zo4986ep,h1hand-balance_hard-v0__FastDSACT_evalhb_hard_ablation_wodem__888
30000,61.52433776855469,h1hand-balance_hard-v0,888,zo4986ep,h1hand-balance_hard-v0__FastDSACT_evalhb_hard_ablation_wodem__888
40000,68.97404479980469,h1hand-balance_hard-v0,888,zo4986ep,h1hand-balance_hard-v0__FastDSACT_evalhb_hard_ablation_wodem__888
50000,83.68228149414062,h1hand-balance_hard-v0,888,zo4986ep,h1hand-balance_hard-v0__FastDSACT_evalhb_hard_ablation_wodem__888
60000,105.408203125,h1hand-balance_hard-v0,888,zo4986ep,h1hand-balance_hard-v0__FastDSACT_evalhb_hard_ablation_wodem__888
70000,136.1834716796875,h1hand-balance_hard-v0,888,zo4986ep,h1hand-balance_hard-v0__FastDSACT_evalhb_hard_ablation_wodem__888
80000,168.75131225585938,h1hand-balance_hard-v0,888,zo4986ep,h1hand-balance_hard-v0__FastDSACT_evalhb_hard_ablation_wodem__888
90000,180.62930297851562,h1hand-balance_hard-v0,888,zo4986ep,h1hand-balance_hard-v0__FastDSACT_evalhb_hard_ablation_wodem__888
100000,251.35934448242188,h1hand-balance_hard-v0,888,zo4986ep,h1hand-balance_hard-v0__FastDSACT_evalhb_hard_ablation_wodem__888
110000,276.0905456542969,h1hand-balance_hard-v0,888,zo4986ep,h1hand-balance_hard-v0__FastDSACT_evalhb_hard_ablation_wodem__888
120000,317.28094482421875,h1hand-balance_hard-v0,888,zo4986ep,h1hand-balance_hard-v0__FastDSACT_evalhb_hard_ablation_wodem__888
130000,376.91412353515625,h1hand-balance_hard-v0,888,zo4986ep,h1hand-balance_hard-v0__FastDSACT_evalhb_hard_ablation_wodem__888
140000,512.5943603515625,h1hand-balance_hard-v0,888,zo4986ep,h1hand-balance_hard-v0__FastDSACT_evalhb_hard_ablation_wodem__888
150000,742.9327392578125,h1hand-balance_hard-v0,888,zo4986ep,h1hand-balance_hard-v0__FastDSACT_evalhb_hard_ablation_wodem__888
160000,822.9520263671875,h1hand-balance_hard-v0,888,zo4986ep,h1hand-balance_hard-v0__FastDSACT_evalhb_hard_ablation_wodem__888
170000,886.0792236328125,h1hand-balance_hard-v0,888,zo4986ep,h1hand-balance_hard-v0__FastDSACT_evalhb_hard_ablation_wodem__888
180000,542.2713623046875,h1hand-balance_hard-v0,888,zo4986ep,h1hand-balance_hard-v0__FastDSACT_evalhb_hard_ablation_wodem__888
190000,518.4690551757812,h1hand-balance_hard-v0,888,zo4986ep,h1hand-balance_hard-v0__FastDSACT_evalhb_hard_ablation_wodem__888
200000,345.461669921875,h1hand-balance_hard-v0,888,zo4986ep,h1hand-balance_hard-v0__FastDSACT_evalhb_hard_ablation_wodem__888
210000,866.8731689453125,h1hand-balance_hard-v0,888,zo4986ep,h1hand-balance_hard-v0__FastDSACT_evalhb_hard_ablation_wodem__888
220000,609.7242431640625,h1hand-balance_hard-v0,888,zo4986ep,h1hand-balance_hard-v0__FastDSACT_evalhb_hard_ablation_wodem__888
230000,819.2084350585938,h1hand-balance_hard-v0,888,zo4986ep,h1hand-balance_hard-v0__FastDSACT_evalhb_hard_ablation_wodem__888
240000,884.4485473632812,h1hand-balance_hard-v0,888,zo4986ep,h1hand-balance_hard-v0__FastDSACT_evalhb_hard_ablation_wodem__888
250000,527.605224609375,h1hand-balance_hard-v0,888,zo4986ep,h1hand-balance_hard-v0__FastDSACT_evalhb_hard_ablation_wodem__888
260000,222.02310180664062,h1hand-balance_hard-v0,888,zo4986ep,h1hand-balance_hard-v0__FastDSACT_evalhb_hard_ablation_wodem__888
270000,618.883544921875,h1hand-balance_hard-v0,888,zo4986ep,h1hand-balance_hard-v0__FastDSACT_evalhb_hard_ablation_wodem__888
280000,296.1625061035156,h1hand-balance_hard-v0,888,zo4986ep,h1hand-balance_hard-v0__FastDSACT_evalhb_hard_ablation_wodem__888
290000,942.940673828125,h1hand-balance_hard-v0,888,zo4986ep,h1hand-balance_hard-v0__FastDSACT_evalhb_hard_ablation_wodem__888
300000,864.85791015625,h1hand-balance_hard-v0,888,zo4986ep,h1hand-balance_hard-v0__FastDSACT_evalhb_hard_ablation_wodem__888
10000,61.15365982055664,h1hand-insert_normal-v0,888,54iek1ru,h1hand-insert_normal-v0__FastDSACT_evalhb_hard_ablation_wodem__888
20000,174.84878540039062,h1hand-insert_normal-v0,888,54iek1ru,h1hand-insert_normal-v0__FastDSACT_evalhb_hard_ablation_wodem__888
30000,172.19131469726562,h1hand-insert_normal-v0,888,54iek1ru,h1hand-insert_normal-v0__FastDSACT_evalhb_hard_ablation_wodem__888
40000,171.98147583007812,h1hand-insert_normal-v0,888,54iek1ru,h1hand-insert_normal-v0__FastDSACT_evalhb_hard_ablation_wodem__888
50000,178.27589416503906,h1hand-insert_normal-v0,888,54iek1ru,h1hand-insert_normal-v0__FastDSACT_evalhb_hard_ablation_wodem__888
60000,170.44786071777344,h1hand-insert_normal-v0,888,54iek1ru,h1hand-insert_normal-v0__FastDSACT_evalhb_hard_ablation_wodem__888
70000,153.7010955810547,h1hand-insert_normal-v0,888,54iek1ru,h1hand-insert_normal-v0__FastDSACT_evalhb_hard_ablation_wodem__888
80000,178.74270629882812,h1hand-insert_normal-v0,888,54iek1ru,h1hand-insert_normal-v0__FastDSACT_evalhb_hard_ablation_wodem__888
90000,204.31201171875,h1hand-insert_normal-v0,888,54iek1ru,h1hand-insert_normal-v0__FastDSACT_evalhb_hard_ablation_wodem__888
100000,211.5102081298828,h1hand-insert_normal-v0,888,54iek1ru,h1hand-insert_normal-v0__FastDSACT_evalhb_hard_ablation_wodem__888
5000,12.256569862365723,Isaac-Velocity-Rough-G1-v0,666,t9oyk7k6,Isaac-Velocity-Rough-G1-v0__FastDSACT_evalil_hard_ablation_wodem__666
10000,24.633071899414062,Isaac-Velocity-Rough-G1-v0,666,t9oyk7k6,Isaac-Velocity-Rough-G1-v0__FastDSACT_evalil_hard_ablation_wodem__666
15000,30.855838775634766,Isaac-Velocity-Rough-G1-v0,666,t9oyk7k6,Isaac-Velocity-Rough-G1-v0__FastDSACT_evalil_hard_ablation_wodem__666
20000,33.081581115722656,Isaac-Velocity-Rough-G1-v0,666,t9oyk7k6,Isaac-Velocity-Rough-G1-v0__FastDSACT_evalil_hard_ablation_wodem__666
25000,34.547908782958984,Isaac-Velocity-Rough-G1-v0,666,t9oyk7k6,Isaac-Velocity-Rough-G1-v0__FastDSACT_evalil_hard_ablation_wodem__666
30000,34.36967849731445,Isaac-Velocity-Rough-G1-v0,666,t9oyk7k6,Isaac-Velocity-Rough-G1-v0__FastDSACT_evalil_hard_ablation_wodem__666
35000,-1.60649836063385,Isaac-Velocity-Rough-G1-v0,666,t9oyk7k6,Isaac-Velocity-Rough-G1-v0__FastDSACT_evalil_hard_ablation_wodem__666
40000,36.21669006347656,Isaac-Velocity-Rough-G1-v0,666,t9oyk7k6,Isaac-Velocity-Rough-G1-v0__FastDSACT_evalil_hard_ablation_wodem__666
45000,36.54454040527344,Isaac-Velocity-Rough-G1-v0,666,t9oyk7k6,Isaac-Velocity-Rough-G1-v0__FastDSACT_evalil_hard_ablation_wodem__666
50000,36.89252853393555,Isaac-Velocity-Rough-G1-v0,666,t9oyk7k6,Isaac-Velocity-Rough-G1-v0__FastDSACT_evalil_hard_ablation_wodem__666
55000,36.90655517578125,Isaac-Velocity-Rough-G1-v0,666,t9oyk7k6,Isaac-Velocity-Rough-G1-v0__FastDSACT_evalil_hard_ablation_wodem__666
60000,36.422271728515625,Isaac-Velocity-Rough-G1-v0,666,t9oyk7k6,Isaac-Velocity-Rough-G1-v0__FastDSACT_evalil_hard_ablation_wodem__666
65000,36.89362335205078,Isaac-Velocity-Rough-G1-v0,666,t9oyk7k6,Isaac-Velocity-Rough-G1-v0__FastDSACT_evalil_hard_ablation_wodem__666
70000,36.807395935058594,Isaac-Velocity-Rough-G1-v0,666,t9oyk7k6,Isaac-Velocity-Rough-G1-v0__FastDSACT_evalil_hard_ablation_wodem__666
75000,37.87078857421875,Isaac-Velocity-Rough-G1-v0,666,t9oyk7k6,Isaac-Velocity-Rough-G1-v0__FastDSACT_evalil_hard_ablation_wodem__666
80000,38.946205139160156,Isaac-Velocity-Rough-G1-v0,666,t9oyk7k6,Isaac-Velocity-Rough-G1-v0__FastDSACT_evalil_hard_ablation_wodem__666
85000,37.44588088989258,Isaac-Velocity-Rough-G1-v0,666,t9oyk7k6,Isaac-Velocity-Rough-G1-v0__FastDSACT_evalil_hard_ablation_wodem__666
90000,38.18326187133789,Isaac-Velocity-Rough-G1-v0,666,t9oyk7k6,Isaac-Velocity-Rough-G1-v0__FastDSACT_evalil_hard_ablation_wodem__666
95000,38.10554122924805,Isaac-Velocity-Rough-G1-v0,666,t9oyk7k6,Isaac-Velocity-Rough-G1-v0__FastDSACT_evalil_hard_ablation_wodem__666
5000,14.010103225708008,Isaac-Velocity-Rough-G1-v0,777,wxqjhp57,Isaac-Velocity-Rough-G1-v0__FastDSACT_evalil_hard_ablation_wodem__777
10000,23.410297393798828,Isaac-Velocity-Rough-G1-v0,777,wxqjhp57,Isaac-Velocity-Rough-G1-v0__FastDSACT_evalil_hard_ablation_wodem__777
15000,28.72320556640625,Isaac-Velocity-Rough-G1-v0,777,wxqjhp57,Isaac-Velocity-Rough-G1-v0__FastDSACT_evalil_hard_ablation_wodem__777
20000,33.431331634521484,Isaac-Velocity-Rough-G1-v0,777,wxqjhp57,Isaac-Velocity-Rough-G1-v0__FastDSACT_evalil_hard_ablation_wodem__777
25000,35.39619445800781,Isaac-Velocity-Rough-G1-v0,777,wxqjhp57,Isaac-Velocity-Rough-G1-v0__FastDSACT_evalil_hard_ablation_wodem__777
30000,36.157291412353516,Isaac-Velocity-Rough-G1-v0,777,wxqjhp57,Isaac-Velocity-Rough-G1-v0__FastDSACT_evalil_hard_ablation_wodem__777
35000,36.88977813720703,Isaac-Velocity-Rough-G1-v0,777,wxqjhp57,Isaac-Velocity-Rough-G1-v0__FastDSACT_evalil_hard_ablation_wodem__777
40000,35.577659606933594,Isaac-Velocity-Rough-G1-v0,777,wxqjhp57,Isaac-Velocity-Rough-G1-v0__FastDSACT_evalil_hard_ablation_wodem__777
45000,37.33966827392578,Isaac-Velocity-Rough-G1-v0,777,wxqjhp57,Isaac-Velocity-Rough-G1-v0__FastDSACT_evalil_hard_ablation_wodem__777
50000,36.90283203125,Isaac-Velocity-Rough-G1-v0,777,wxqjhp57,Isaac-Velocity-Rough-G1-v0__FastDSACT_evalil_hard_ablation_wodem__777
55000,37.23191452026367,Isaac-Velocity-Rough-G1-v0,777,wxqjhp57,Isaac-Velocity-Rough-G1-v0__FastDSACT_evalil_hard_ablation_wodem__777
60000,37.9793815612793,Isaac-Velocity-Rough-G1-v0,777,wxqjhp57,Isaac-Velocity-Rough-G1-v0__FastDSACT_evalil_hard_ablation_wodem__777
65000,35.85606384277344,Isaac-Velocity-Rough-G1-v0,777,wxqjhp57,Isaac-Velocity-Rough-G1-v0__FastDSACT_evalil_hard_ablation_wodem__777
70000,36.7683219909668,Isaac-Velocity-Rough-G1-v0,777,wxqjhp57,Isaac-Velocity-Rough-G1-v0__FastDSACT_evalil_hard_ablation_wodem__777
75000,37.38566589355469,Isaac-Velocity-Rough-G1-v0,777,wxqjhp57,Isaac-Velocity-Rough-G1-v0__FastDSACT_evalil_hard_ablation_wodem__777
80000,36.81281280517578,Isaac-Velocity-Rough-G1-v0,777,wxqjhp57,Isaac-Velocity-Rough-G1-v0__FastDSACT_evalil_hard_ablation_wodem__777
85000,37.89863586425781,Isaac-Velocity-Rough-G1-v0,777,wxqjhp57,Isaac-Velocity-Rough-G1-v0__FastDSACT_evalil_hard_ablation_wodem__777
90000,37.818687438964844,Isaac-Velocity-Rough-G1-v0,777,wxqjhp57,Isaac-Velocity-Rough-G1-v0__FastDSACT_evalil_hard_ablation_wodem__777
95000,38.407249450683594,Isaac-Velocity-Rough-G1-v0,777,wxqjhp57,Isaac-Velocity-Rough-G1-v0__FastDSACT_evalil_hard_ablation_wodem__777
5000,10.575023651123047,Isaac-Velocity-Rough-G1-v0,888,nx28k303,Isaac-Velocity-Rough-G1-v0__FastDSACT_evalil_hard_ablation_wodem__888
10000,27.9086856842041,Isaac-Velocity-Rough-G1-v0,888,nx28k303,Isaac-Velocity-Rough-G1-v0__FastDSACT_evalil_hard_ablation_wodem__888
15000,35.04424285888672,Isaac-Velocity-Rough-G1-v0,888,nx28k303,Isaac-Velocity-Rough-G1-v0__FastDSACT_evalil_hard_ablation_wodem__888
20000,35.332435607910156,Isaac-Velocity-Rough-G1-v0,888,nx28k303,Isaac-Velocity-Rough-G1-v0__FastDSACT_evalil_hard_ablation_wodem__888
25000,37.570640563964844,Isaac-Velocity-Rough-G1-v0,888,nx28k303,Isaac-Velocity-Rough-G1-v0__FastDSACT_evalil_hard_ablation_wodem__888
30000,-5.466714382171631,Isaac-Velocity-Rough-G1-v0,888,nx28k303,Isaac-Velocity-Rough-G1-v0__FastDSACT_evalil_hard_ablation_wodem__888
35000,36.24260711669922,Isaac-Velocity-Rough-G1-v0,888,nx28k303,Isaac-Velocity-Rough-G1-v0__FastDSACT_evalil_hard_ablation_wodem__888
40000,37.27174377441406,Isaac-Velocity-Rough-G1-v0,888,nx28k303,Isaac-Velocity-Rough-G1-v0__FastDSACT_evalil_hard_ablation_wodem__888
45000,37.742393493652344,Isaac-Velocity-Rough-G1-v0,888,nx28k303,Isaac-Velocity-Rough-G1-v0__FastDSACT_evalil_hard_ablation_wodem__888
50000,37.922061920166016,Isaac-Velocity-Rough-G1-v0,888,nx28k303,Isaac-Velocity-Rough-G1-v0__FastDSACT_evalil_hard_ablation_wodem__888
55000,37.4973030090332,Isaac-Velocity-Rough-G1-v0,888,nx28k303,Isaac-Velocity-Rough-G1-v0__FastDSACT_evalil_hard_ablation_wodem__888
60000,32.92570495605469,Isaac-Velocity-Rough-G1-v0,888,nx28k303,Isaac-Velocity-Rough-G1-v0__FastDSACT_evalil_hard_ablation_wodem__888
65000,35.414649963378906,Isaac-Velocity-Rough-G1-v0,888,nx28k303,Isaac-Velocity-Rough-G1-v0__FastDSACT_evalil_hard_ablation_wodem__888
70000,36.49614715576172,Isaac-Velocity-Rough-G1-v0,888,nx28k303,Isaac-Velocity-Rough-G1-v0__FastDSACT_evalil_hard_ablation_wodem__888
75000,37.37507629394531,Isaac-Velocity-Rough-G1-v0,888,nx28k303,Isaac-Velocity-Rough-G1-v0__FastDSACT_evalil_hard_ablation_wodem__888
80000,37.037025451660156,Isaac-Velocity-Rough-G1-v0,888,nx28k303,Isaac-Velocity-Rough-G1-v0__FastDSACT_evalil_hard_ablation_wodem__888
85000,37.886077880859375,Isaac-Velocity-Rough-G1-v0,888,nx28k303,Isaac-Velocity-Rough-G1-v0__FastDSACT_evalil_hard_ablation_wodem__888
90000,37.687599182128906,Isaac-Velocity-Rough-G1-v0,888,nx28k303,Isaac-Velocity-Rough-G1-v0__FastDSACT_evalil_hard_ablation_wodem__888
95000,38.347190856933594,Isaac-Velocity-Rough-G1-v0,888,nx28k303,Isaac-Velocity-Rough-G1-v0__FastDSACT_evalil_hard_ablation_wodem__888
5000,7.59979248046875,Isaac-Velocity-Rough-H1-v0,77,k6e69h5z,Isaac-Velocity-Rough-H1-v0__FastDSACT_evalil_hard_ablation_wodem__777
10000,12.685598373413086,Isaac-Velocity-Rough-H1-v0,77,k6e69h5z,Isaac-Velocity-Rough-H1-v0__FastDSACT_evalil_hard_ablation_wodem__777
15000,19.645404815673828,Isaac-Velocity-Rough-H1-v0,77,k6e69h5z,Isaac-Velocity-Rough-H1-v0__FastDSACT_evalil_hard_ablation_wodem__777
20000,23.171295166015625,Isaac-Velocity-Rough-H1-v0,77,k6e69h5z,Isaac-Velocity-Rough-H1-v0__FastDSACT_evalil_hard_ablation_wodem__777
25000,24.337127685546875,Isaac-Velocity-Rough-H1-v0,77,k6e69h5z,Isaac-Velocity-Rough-H1-v0__FastDSACT_evalil_hard_ablation_wodem__777
30000,25.054058074951172,Isaac-Velocity-Rough-H1-v0,77,k6e69h5z,Isaac-Velocity-Rough-H1-v0__FastDSACT_evalil_hard_ablation_wodem__777
35000,25.751911163330078,Isaac-Velocity-Rough-H1-v0,77,k6e69h5z,Isaac-Velocity-Rough-H1-v0__FastDSACT_evalil_hard_ablation_wodem__777
40000,26.055095672607422,Isaac-Velocity-Rough-H1-v0,77,k6e69h5z,Isaac-Velocity-Rough-H1-v0__FastDSACT_evalil_hard_ablation_wodem__777
45000,26.416475296020508,Isaac-Velocity-Rough-H1-v0,77,k6e69h5z,Isaac-Velocity-Rough-H1-v0__FastDSACT_evalil_hard_ablation_wodem__777
50000,26.112478256225586,Isaac-Velocity-Rough-H1-v0,77,k6e69h5z,Isaac-Velocity-Rough-H1-v0__FastDSACT_evalil_hard_ablation_wodem__777
55000,26.45684051513672,Isaac-Velocity-Rough-H1-v0,77,k6e69h5z,Isaac-Velocity-Rough-H1-v0__FastDSACT_evalil_hard_ablation_wodem__777
60000,26.501094818115234,Isaac-Velocity-Rough-H1-v0,77,k6e69h5z,Isaac-Velocity-Rough-H1-v0__FastDSACT_evalil_hard_ablation_wodem__777
65000,25.86891746520996,Isaac-Velocity-Rough-H1-v0,77,k6e69h5z,Isaac-Velocity-Rough-H1-v0__FastDSACT_evalil_hard_ablation_wodem__777
70000,26.229232788085938,Isaac-Velocity-Rough-H1-v0,77,k6e69h5z,Isaac-Velocity-Rough-H1-v0__FastDSACT_evalil_hard_ablation_wodem__777
75000,26.006206512451172,Isaac-Velocity-Rough-H1-v0,77,k6e69h5z,Isaac-Velocity-Rough-H1-v0__FastDSACT_evalil_hard_ablation_wodem__777
80000,26.28989601135254,Isaac-Velocity-Rough-H1-v0,77,k6e69h5z,Isaac-Velocity-Rough-H1-v0__FastDSACT_evalil_hard_ablation_wodem__777
85000,26.421260833740234,Isaac-Velocity-Rough-H1-v0,77,k6e69h5z,Isaac-Velocity-Rough-H1-v0__FastDSACT_evalil_hard_ablation_wodem__777
90000,25.899944305419922,Isaac-Velocity-Rough-H1-v0,77,k6e69h5z,Isaac-Velocity-Rough-H1-v0__FastDSACT_evalil_hard_ablation_wodem__777
95000,25.750869750976562,Isaac-Velocity-Rough-H1-v0,77,k6e69h5z,Isaac-Velocity-Rough-H1-v0__FastDSACT_evalil_hard_ablation_wodem__777
5000,6.287173271179199,Isaac-Velocity-Rough-H1-v0,888,rw98mgpw,Isaac-Velocity-Rough-H1-v0__FastDSACT_evalil_hard_ablation_wodem__888
10000,13.553207397460938,Isaac-Velocity-Rough-H1-v0,888,rw98mgpw,Isaac-Velocity-Rough-H1-v0__FastDSACT_evalil_hard_ablation_wodem__888
15000,21.202672958374023,Isaac-Velocity-Rough-H1-v0,888,rw98mgpw,Isaac-Velocity-Rough-H1-v0__FastDSACT_evalil_hard_ablation_wodem__888
20000,23.447874069213867,Isaac-Velocity-Rough-H1-v0,888,rw98mgpw,Isaac-Velocity-Rough-H1-v0__FastDSACT_evalil_hard_ablation_wodem__888
25000,24.622943878173828,Isaac-Velocity-Rough-H1-v0,888,rw98mgpw,Isaac-Velocity-Rough-H1-v0__FastDSACT_evalil_hard_ablation_wodem__888
30000,24.50741195678711,Isaac-Velocity-Rough-H1-v0,888,rw98mgpw,Isaac-Velocity-Rough-H1-v0__FastDSACT_evalil_hard_ablation_wodem__888
35000,24.855979919433594,Isaac-Velocity-Rough-H1-v0,888,rw98mgpw,Isaac-Velocity-Rough-H1-v0__FastDSACT_evalil_hard_ablation_wodem__888
40000,25.186187744140625,Isaac-Velocity-Rough-H1-v0,888,rw98mgpw,Isaac-Velocity-Rough-H1-v0__FastDSACT_evalil_hard_ablation_wodem__888
45000,25.368057250976562,Isaac-Velocity-Rough-H1-v0,888,rw98mgpw,Isaac-Velocity-Rough-H1-v0__FastDSACT_evalil_hard_ablation_wodem__888
50000,25.364337921142578,Isaac-Velocity-Rough-H1-v0,888,rw98mgpw,Isaac-Velocity-Rough-H1-v0__FastDSACT_evalil_hard_ablation_wodem__888
55000,25.072763442993164,Isaac-Velocity-Rough-H1-v0,888,rw98mgpw,Isaac-Velocity-Rough-H1-v0__FastDSACT_evalil_hard_ablation_wodem__888
60000,25.538909912109375,Isaac-Velocity-Rough-H1-v0,888,rw98mgpw,Isaac-Velocity-Rough-H1-v0__FastDSACT_evalil_hard_ablation_wodem__888
65000,25.17879867553711,Isaac-Velocity-Rough-H1-v0,888,rw98mgpw,Isaac-Velocity-Rough-H1-v0__FastDSACT_evalil_hard_ablation_wodem__888
70000,25.442771911621094,Isaac-Velocity-Rough-H1-v0,888,rw98mgpw,Isaac-Velocity-Rough-H1-v0__FastDSACT_evalil_hard_ablation_wodem__888
75000,25.47563934326172,Isaac-Velocity-Rough-H1-v0,888,rw98mgpw,Isaac-Velocity-Rough-H1-v0__FastDSACT_evalil_hard_ablation_wodem__888
80000,24.650753021240234,Isaac-Velocity-Rough-H1-v0,888,rw98mgpw,Isaac-Velocity-Rough-H1-v0__FastDSACT_evalil_hard_ablation_wodem__888
85000,28.110939025878906,Isaac-Velocity-Rough-H1-v0,888,rw98mgpw,Isaac-Velocity-Rough-H1-v0__FastDSACT_evalil_hard_ablation_wodem__888
90000,24.890380859375,Isaac-Velocity-Rough-H1-v0,888,rw98mgpw,Isaac-Velocity-Rough-H1-v0__FastDSACT_evalil_hard_ablation_wodem__888
95000,24.382627487182617,Isaac-Velocity-Rough-H1-v0,888,rw98mgpw,Isaac-Velocity-Rough-H1-v0__FastDSACT_evalil_hard_ablation_wodem__888
10000,58.67411804199219,h1hand-balance_hard-v0,777,60lh7mz4,h1hand-balance_hard-v0__FastDSACT_evalhb_hard_ablation_wodem__777
20000,68.14840698242188,h1hand-balance_hard-v0,777,60lh7mz4,h1hand-balance_hard-v0__FastDSACT_evalhb_hard_ablation_wodem__777
30000,72.27027893066406,h1hand-balance_hard-v0,777,60lh7mz4,h1hand-balance_hard-v0__FastDSACT_evalhb_hard_ablation_wodem__777
40000,74.83633422851562,h1hand-balance_hard-v0,777,60lh7mz4,h1hand-balance_hard-v0__FastDSACT_evalhb_hard_ablation_wodem__777
50000,88.8371810913086,h1hand-balance_hard-v0,777,60lh7mz4,h1hand-balance_hard-v0__FastDSACT_evalhb_hard_ablation_wodem__777
60000,127.28699493408203,h1hand-balance_hard-v0,777,60lh7mz4,h1hand-balance_hard-v0__FastDSACT_evalhb_hard_ablation_wodem__777
70000,156.08042907714844,h1hand-balance_hard-v0,777,60lh7mz4,h1hand-balance_hard-v0__FastDSACT_evalhb_hard_ablation_wodem__777
80000,166.16000366210938,h1hand-balance_hard-v0,777,60lh7mz4,h1hand-balance_hard-v0__FastDSACT_evalhb_hard_ablation_wodem__777
90000,196.29928588867188,h1hand-balance_hard-v0,777,60lh7mz4,h1hand-balance_hard-v0__FastDSACT_evalhb_hard_ablation_wodem__777
100000,214.1561279296875,h1hand-balance_hard-v0,777,60lh7mz4,h1hand-balance_hard-v0__FastDSACT_evalhb_hard_ablation_wodem__777
110000,290.91265869140625,h1hand-balance_hard-v0,777,60lh7mz4,h1hand-balance_hard-v0__FastDSACT_evalhb_hard_ablation_wodem__777
120000,380.063720703125,h1hand-balance_hard-v0,777,60lh7mz4,h1hand-balance_hard-v0__FastDSACT_evalhb_hard_ablation_wodem__777
130000,750.7783203125,h1hand-balance_hard-v0,777,60lh7mz4,h1hand-balance_hard-v0__FastDSACT_evalhb_hard_ablation_wodem__777
140000,673.8736572265625,h1hand-balance_hard-v0,777,60lh7mz4,h1hand-balance_hard-v0__FastDSACT_evalhb_hard_ablation_wodem__777
150000,651.380615234375,h1hand-balance_hard-v0,777,60lh7mz4,h1hand-balance_hard-v0__FastDSACT_evalhb_hard_ablation_wodem__777
160000,272.16357421875,h1hand-balance_hard-v0,777,60lh7mz4,h1hand-balance_hard-v0__FastDSACT_evalhb_hard_ablation_wodem__777
170000,307.04217529296875,h1hand-balance_hard-v0,777,60lh7mz4,h1hand-balance_hard-v0__FastDSACT_evalhb_hard_ablation_wodem__777
180000,468.6390380859375,h1hand-balance_hard-v0,777,60lh7mz4,h1hand-balance_hard-v0__FastDSACT_evalhb_hard_ablation_wodem__777
190000,889.3243408203125,h1hand-balance_hard-v0,777,60lh7mz4,h1hand-balance_hard-v0__FastDSACT_evalhb_hard_ablation_wodem__777
200000,557.8794555664062,h1hand-balance_hard-v0,777,60lh7mz4,h1hand-balance_hard-v0__FastDSACT_evalhb_hard_ablation_wodem__777
210000,652.5502319335938,h1hand-balance_hard-v0,777,60lh7mz4,h1hand-balance_hard-v0__FastDSACT_evalhb_hard_ablation_wodem__777
220000,650.7886962890625,h1hand-balance_hard-v0,777,60lh7mz4,h1hand-balance_hard-v0__FastDSACT_evalhb_hard_ablation_wodem__777
230000,268.0743408203125,h1hand-balance_hard-v0,777,60lh7mz4,h1hand-balance_hard-v0__FastDSACT_evalhb_hard_ablation_wodem__777
240000,506.0939025878906,h1hand-balance_hard-v0,777,60lh7mz4,h1hand-balance_hard-v0__FastDSACT_evalhb_hard_ablation_wodem__777
250000,736.6044311523438,h1hand-balance_hard-v0,777,60lh7mz4,h1hand-balance_hard-v0__FastDSACT_evalhb_hard_ablation_wodem__777
260000,541.818115234375,h1hand-balance_hard-v0,777,60lh7mz4,h1hand-balance_hard-v0__FastDSACT_evalhb_hard_ablation_wodem__777
270000,737.382568359375,h1hand-balance_hard-v0,777,60lh7mz4,h1hand-balance_hard-v0__FastDSACT_evalhb_hard_ablation_wodem__777
280000,783.112060546875,h1hand-balance_hard-v0,777,60lh7mz4,h1hand-balance_hard-v0__FastDSACT_evalhb_hard_ablation_wodem__777
290000,799.86279296875,h1hand-balance_hard-v0,777,60lh7mz4,h1hand-balance_hard-v0__FastDSACT_evalhb_hard_ablation_wodem__777
300000,511.5880432128906,h1hand-balance_hard-v0,777,60lh7mz4,h1hand-balance_hard-v0__FastDSACT_evalhb_hard_ablation_wodem__777
10000,52.04745864868164,h1hand-balance_hard-v0,666,vwmxucu3,h1hand-balance_hard-v0__FastDSACT_evalhb_hard_ablation_wodem__666
20000,62.727962493896484,h1hand-balance_hard-v0,666,vwmxucu3,h1hand-balance_hard-v0__FastDSACT_evalhb_hard_ablation_wodem__666
30000,70.39918518066406,h1hand-balance_hard-v0,666,vwmxucu3,h1hand-balance_hard-v0__FastDSACT_evalhb_hard_ablation_wodem__666
40000,87.12211608886719,h1hand-balance_hard-v0,666,vwmxucu3,h1hand-balance_hard-v0__FastDSACT_evalhb_hard_ablation_wodem__666
50000,102.943603515625,h1hand-balance_hard-v0,666,vwmxucu3,h1hand-balance_hard-v0__FastDSACT_evalhb_hard_ablation_wodem__666
60000,137.99998474121094,h1hand-balance_hard-v0,666,vwmxucu3,h1hand-balance_hard-v0__FastDSACT_evalhb_hard_ablation_wodem__666
70000,158.8837127685547,h1hand-balance_hard-v0,666,vwmxucu3,h1hand-balance_hard-v0__FastDSACT_evalhb_hard_ablation_wodem__666
80000,176.46859741210938,h1hand-balance_hard-v0,666,vwmxucu3,h1hand-balance_hard-v0__FastDSACT_evalhb_hard_ablation_wodem__666
90000,195.07057189941406,h1hand-balance_hard-v0,666,vwmxucu3,h1hand-balance_hard-v0__FastDSACT_evalhb_hard_ablation_wodem__666
100000,227.80836486816406,h1hand-balance_hard-v0,666,vwmxucu3,h1hand-balance_hard-v0__FastDSACT_evalhb_hard_ablation_wodem__666
110000,253.1046142578125,h1hand-balance_hard-v0,666,vwmxucu3,h1hand-balance_hard-v0__FastDSACT_evalhb_hard_ablation_wodem__666
120000,384.13287353515625,h1hand-balance_hard-v0,666,vwmxucu3,h1hand-balance_hard-v0__FastDSACT_evalhb_hard_ablation_wodem__666
130000,637.6552734375,h1hand-balance_hard-v0,666,vwmxucu3,h1hand-balance_hard-v0__FastDSACT_evalhb_hard_ablation_wodem__666
140000,794.0662231445312,h1hand-balance_hard-v0,666,vwmxucu3,h1hand-balance_hard-v0__FastDSACT_evalhb_hard_ablation_wodem__666
150000,836.5123291015625,h1hand-balance_hard-v0,666,vwmxucu3,h1hand-balance_hard-v0__FastDSACT_evalhb_hard_ablation_wodem__666
160000,562.578857421875,h1hand-balance_hard-v0,666,vwmxucu3,h1hand-balance_hard-v0__FastDSACT_evalhb_hard_ablation_wodem__666
170000,269.420654296875,h1hand-balance_hard-v0,666,vwmxucu3,h1hand-balance_hard-v0__FastDSACT_evalhb_hard_ablation_wodem__666
180000,679.9874877929688,h1hand-balance_hard-v0,666,vwmxucu3,h1hand-balance_hard-v0__FastDSACT_evalhb_hard_ablation_wodem__666
190000,270.3172302246094,h1hand-balance_hard-v0,666,vwmxucu3,h1hand-balance_hard-v0__FastDSACT_evalhb_hard_ablation_wodem__666
200000,498.20440673828125,h1hand-balance_hard-v0,666,vwmxucu3,h1hand-balance_hard-v0__FastDSACT_evalhb_hard_ablation_wodem__666
210000,418.7294921875,h1hand-balance_hard-v0,666,vwmxucu3,h1hand-balance_hard-v0__FastDSACT_evalhb_hard_ablation_wodem__666
220000,632.4646606445312,h1hand-balance_hard-v0,666,vwmxucu3,h1hand-balance_hard-v0__FastDSACT_evalhb_hard_ablation_wodem__666
230000,281.683837890625,h1hand-balance_hard-v0,666,vwmxucu3,h1hand-balance_hard-v0__FastDSACT_evalhb_hard_ablation_wodem__666
240000,317.1881103515625,h1hand-balance_hard-v0,666,vwmxucu3,h1hand-balance_hard-v0__FastDSACT_evalhb_hard_ablation_wodem__666
250000,228.76406860351562,h1hand-balance_hard-v0,666,vwmxucu3,h1hand-balance_hard-v0__FastDSACT_evalhb_hard_ablation_wodem__666
260000,746.932373046875,h1hand-balance_hard-v0,666,vwmxucu3,h1hand-balance_hard-v0__FastDSACT_evalhb_hard_ablation_wodem__666
270000,562.63232421875,h1hand-balance_hard-v0,666,vwmxucu3,h1hand-balance_hard-v0__FastDSACT_evalhb_hard_ablation_wodem__666
280000,302.29779052734375,h1hand-balance_hard-v0,666,vwmxucu3,h1hand-balance_hard-v0__FastDSACT_evalhb_hard_ablation_wodem__666
290000,493.4931640625,h1hand-balance_hard-v0,666,vwmxucu3,h1hand-balance_hard-v0__FastDSACT_evalhb_hard_ablation_wodem__666
300000,725.13623046875,h1hand-balance_hard-v0,666,vwmxucu3,h1hand-balance_hard-v0__FastDSACT_evalhb_hard_ablation_wodem__666
5000,8.141054153442383,Isaac-Velocity-Rough-H1-v0,666,a9c44xtx,Isaac-Velocity-Rough-H1-v0__FastDSACT_evalil_hard_ablation_wodem__666
10000,13.79722785949707,Isaac-Velocity-Rough-H1-v0,666,a9c44xtx,Isaac-Velocity-Rough-H1-v0__FastDSACT_evalil_hard_ablation_wodem__666
15000,22.091373443603516,Isaac-Velocity-Rough-H1-v0,666,a9c44xtx,Isaac-Velocity-Rough-H1-v0__FastDSACT_evalil_hard_ablation_wodem__666
20000,23.789752960205078,Isaac-Velocity-Rough-H1-v0,666,a9c44xtx,Isaac-Velocity-Rough-H1-v0__FastDSACT_evalil_hard_ablation_wodem__666
25000,24.87203598022461,Isaac-Velocity-Rough-H1-v0,666,a9c44xtx,Isaac-Velocity-Rough-H1-v0__FastDSACT_evalil_hard_ablation_wodem__666
30000,25.083599090576172,Isaac-Velocity-Rough-H1-v0,666,a9c44xtx,Isaac-Velocity-Rough-H1-v0__FastDSACT_evalil_hard_ablation_wodem__666
35000,25.322751998901367,Isaac-Velocity-Rough-H1-v0,666,a9c44xtx,Isaac-Velocity-Rough-H1-v0__FastDSACT_evalil_hard_ablation_wodem__666
40000,25.475263595581055,Isaac-Velocity-Rough-H1-v0,666,a9c44xtx,Isaac-Velocity-Rough-H1-v0__FastDSACT_evalil_hard_ablation_wodem__666
45000,25.308963775634766,Isaac-Velocity-Rough-H1-v0,666,a9c44xtx,Isaac-Velocity-Rough-H1-v0__FastDSACT_evalil_hard_ablation_wodem__666
50000,25.597915649414062,Isaac-Velocity-Rough-H1-v0,666,a9c44xtx,Isaac-Velocity-Rough-H1-v0__FastDSACT_evalil_hard_ablation_wodem__666
55000,25.466053009033203,Isaac-Velocity-Rough-H1-v0,666,a9c44xtx,Isaac-Velocity-Rough-H1-v0__FastDSACT_evalil_hard_ablation_wodem__666
60000,25.742013931274414,Isaac-Velocity-Rough-H1-v0,666,a9c44xtx,Isaac-Velocity-Rough-H1-v0__FastDSACT_evalil_hard_ablation_wodem__666
65000,25.482685089111328,Isaac-Velocity-Rough-H1-v0,666,a9c44xtx,Isaac-Velocity-Rough-H1-v0__FastDSACT_evalil_hard_ablation_wodem__666
70000,25.501466751098633,Isaac-Velocity-Rough-H1-v0,666,a9c44xtx,Isaac-Velocity-Rough-H1-v0__FastDSACT_evalil_hard_ablation_wodem__666
75000,25.649259567260742,Isaac-Velocity-Rough-H1-v0,666,a9c44xtx,Isaac-Velocity-Rough-H1-v0__FastDSACT_evalil_hard_ablation_wodem__666
80000,25.587265014648438,Isaac-Velocity-Rough-H1-v0,666,a9c44xtx,Isaac-Velocity-Rough-H1-v0__FastDSACT_evalil_hard_ablation_wodem__666
85000,25.818763732910156,Isaac-Velocity-Rough-H1-v0,666,a9c44xtx,Isaac-Velocity-Rough-H1-v0__FastDSACT_evalil_hard_ablation_wodem__666
90000,18.16059112548828,Isaac-Velocity-Rough-H1-v0,666,a9c44xtx,Isaac-Velocity-Rough-H1-v0__FastDSACT_evalil_hard_ablation_wodem__666
95000,25.719833374023438,Isaac-Velocity-Rough-H1-v0,666,a9c44xtx,Isaac-Velocity-Rough-H1-v0__FastDSACT_evalil_hard_ablation_wodem__666
10000,91.16767120361328,h1hand-window-v0,666,m65fq8xp,h1hand-window-v0__FastDSACT_evalhb_table_torch_alpha0.001_std1_lesswd_nobound_warm_taub0.005tau0.005relu_enhanced_t1_ln__666
20000,502.9566955566406,h1hand-window-v0,666,m65fq8xp,h1hand-window-v0__FastDSACT_evalhb_table_torch_alpha0.001_std1_lesswd_nobound_warm_taub0.005tau0.005relu_enhanced_t1_ln__666
30000,598.2732543945312,h1hand-window-v0,666,m65fq8xp,h1hand-window-v0__FastDSACT_evalhb_table_torch_alpha0.001_std1_lesswd_nobound_warm_taub0.005tau0.005relu_enhanced_t1_ln__666
40000,618.8980102539062,h1hand-window-v0,666,m65fq8xp,h1hand-window-v0__FastDSACT_evalhb_table_torch_alpha0.001_std1_lesswd_nobound_warm_taub0.005tau0.005relu_enhanced_t1_ln__666
50000,649.3133544921875,h1hand-window-v0,666,m65fq8xp,h1hand-window-v0__FastDSACT_evalhb_table_torch_alpha0.001_std1_lesswd_nobound_warm_taub0.005tau0.005relu_enhanced_t1_ln__666
60000,689.8788452148438,h1hand-window-v0,666,m65fq8xp,h1hand-window-v0__FastDSACT_evalhb_table_torch_alpha0.001_std1_lesswd_nobound_warm_taub0.005tau0.005relu_enhanced_t1_ln__666
70000,730.3363647460938,h1hand-window-v0,666,m65fq8xp,h1hand-window-v0__FastDSACT_evalhb_table_torch_alpha0.001_std1_lesswd_nobound_warm_taub0.005tau0.005relu_enhanced_t1_ln__666
80000,669.6136474609375,h1hand-window-v0,666,m65fq8xp,h1hand-window-v0__FastDSACT_evalhb_table_torch_alpha0.001_std1_lesswd_nobound_warm_taub0.005tau0.005relu_enhanced_t1_ln__666
90000,756.83251953125,h1hand-window-v0,666,m65fq8xp,h1hand-window-v0__FastDSACT_evalhb_table_torch_alpha0.001_std1_lesswd_nobound_warm_taub0.005tau0.005relu_enhanced_t1_ln__666
100000,680.9371337890625,h1hand-window-v0,666,m65fq8xp,h1hand-window-v0__FastDSACT_evalhb_table_torch_alpha0.001_std1_lesswd_nobound_warm_taub0.005tau0.005relu_enhanced_t1_ln__666
110000,714.177734375,h1hand-window-v0,666,m65fq8xp,h1hand-window-v0__FastDSACT_evalhb_table_torch_alpha0.001_std1_lesswd_nobound_warm_taub0.005tau0.005relu_enhanced_t1_ln__666
120000,759.4142456054688,h1hand-window-v0,666,m65fq8xp,h1hand-window-v0__FastDSACT_evalhb_table_torch_alpha0.001_std1_lesswd_nobound_warm_taub0.005tau0.005relu_enhanced_t1_ln__666
130000,782.369384765625,h1hand-window-v0,666,m65fq8xp,h1hand-window-v0__FastDSACT_evalhb_table_torch_alpha0.001_std1_lesswd_nobound_warm_taub0.005tau0.005relu_enhanced_t1_ln__666
140000,721.2451171875,h1hand-window-v0,666,m65fq8xp,h1hand-window-v0__FastDSACT_evalhb_table_torch_alpha0.001_std1_lesswd_nobound_warm_taub0.005tau0.005relu_enhanced_t1_ln__666
150000,719.0867919921875,h1hand-window-v0,666,m65fq8xp,h1hand-window-v0__FastDSACT_evalhb_table_torch_alpha0.001_std1_lesswd_nobound_warm_taub0.005tau0.005relu_enhanced_t1_ln__666
160000,725.1021118164062,h1hand-window-v0,666,m65fq8xp,h1hand-window-v0__FastDSACT_evalhb_table_torch_alpha0.001_std1_lesswd_nobound_warm_taub0.005tau0.005relu_enhanced_t1_ln__666
170000,757.640869140625,h1hand-window-v0,666,m65fq8xp,h1hand-window-v0__FastDSACT_evalhb_table_torch_alpha0.001_std1_lesswd_nobound_warm_taub0.005tau0.005relu_enhanced_t1_ln__666
180000,751.264404296875,h1hand-window-v0,666,m65fq8xp,h1hand-window-v0__FastDSACT_evalhb_table_torch_alpha0.001_std1_lesswd_nobound_warm_taub0.005tau0.005relu_enhanced_t1_ln__666
190000,754.4876708984375,h1hand-window-v0,666,m65fq8xp,h1hand-window-v0__FastDSACT_evalhb_table_torch_alpha0.001_std1_lesswd_nobound_warm_taub0.005tau0.005relu_enhanced_t1_ln__666
200000,703.955078125,h1hand-window-v0,666,m65fq8xp,h1hand-window-v0__FastDSACT_evalhb_table_torch_alpha0.001_std1_lesswd_nobound_warm_taub0.005tau0.005relu_enhanced_t1_ln__666
210000,762.56005859375,h1hand-window-v0,666,m65fq8xp,h1hand-window-v0__FastDSACT_evalhb_table_torch_alpha0.001_std1_lesswd_nobound_warm_taub0.005tau0.005relu_enhanced_t1_ln__666
220000,796.3782348632812,h1hand-window-v0,666,m65fq8xp,h1hand-window-v0__FastDSACT_evalhb_table_torch_alpha0.001_std1_lesswd_nobound_warm_taub0.005tau0.005relu_enhanced_t1_ln__666
230000,701.927001953125,h1hand-window-v0,666,m65fq8xp,h1hand-window-v0__FastDSACT_evalhb_table_torch_alpha0.001_std1_lesswd_nobound_warm_taub0.005tau0.005relu_enhanced_t1_ln__666
240000,689.5065307617188,h1hand-window-v0,666,m65fq8xp,h1hand-window-v0__FastDSACT_evalhb_table_torch_alpha0.001_std1_lesswd_nobound_warm_taub0.005tau0.005relu_enhanced_t1_ln__666
250000,752.4100341796875,h1hand-window-v0,666,m65fq8xp,h1hand-window-v0__FastDSACT_evalhb_table_torch_alpha0.001_std1_lesswd_nobound_warm_taub0.005tau0.005relu_enhanced_t1_ln__666
10000,14.629058837890625,h1hand-window-v0,777,qqq2oaz3,h1hand-window-v0__FastDSACT_evalhb_table_torch_alpha0.001_std1_lesswd_nobound_warm_taub0.005tau0.005relu_enhanced_t1_ln__777
20000,332.5970458984375,h1hand-window-v0,777,qqq2oaz3,h1hand-window-v0__FastDSACT_evalhb_table_torch_alpha0.001_std1_lesswd_nobound_warm_taub0.005tau0.005relu_enhanced_t1_ln__777
30000,497.1395263671875,h1hand-window-v0,777,qqq2oaz3,h1hand-window-v0__FastDSACT_evalhb_table_torch_alpha0.001_std1_lesswd_nobound_warm_taub0.005tau0.005relu_enhanced_t1_ln__777
40000,537.6331787109375,h1hand-window-v0,777,qqq2oaz3,h1hand-window-v0__FastDSACT_evalhb_table_torch_alpha0.001_std1_lesswd_nobound_warm_taub0.005tau0.005relu_enhanced_t1_ln__777
50000,630.810302734375,h1hand-window-v0,777,qqq2oaz3,h1hand-window-v0__FastDSACT_evalhb_table_torch_alpha0.001_std1_lesswd_nobound_warm_taub0.005tau0.005relu_enhanced_t1_ln__777
60000,653.904052734375,h1hand-window-v0,777,qqq2oaz3,h1hand-window-v0__FastDSACT_evalhb_table_torch_alpha0.001_std1_lesswd_nobound_warm_taub0.005tau0.005relu_enhanced_t1_ln__777
70000,631.9453125,h1hand-window-v0,777,qqq2oaz3,h1hand-window-v0__FastDSACT_evalhb_table_torch_alpha0.001_std1_lesswd_nobound_warm_taub0.005tau0.005relu_enhanced_t1_ln__777
80000,596.6051635742188,h1hand-window-v0,777,qqq2oaz3,h1hand-window-v0__FastDSACT_evalhb_table_torch_alpha0.001_std1_lesswd_nobound_warm_taub0.005tau0.005relu_enhanced_t1_ln__777
90000,631.3510131835938,h1hand-window-v0,777,qqq2oaz3,h1hand-window-v0__FastDSACT_evalhb_table_torch_alpha0.001_std1_lesswd_nobound_warm_taub0.005tau0.005relu_enhanced_t1_ln__777
100000,586.1646728515625,h1hand-window-v0,777,qqq2oaz3,h1hand-window-v0__FastDSACT_evalhb_table_torch_alpha0.001_std1_lesswd_nobound_warm_taub0.005tau0.005relu_enhanced_t1_ln__777
110000,611.0784912109375,h1hand-window-v0,777,qqq2oaz3,h1hand-window-v0__FastDSACT_evalhb_table_torch_alpha0.001_std1_lesswd_nobound_warm_taub0.005tau0.005relu_enhanced_t1_ln__777
120000,417.2092590332031,h1hand-window-v0,777,qqq2oaz3,h1hand-window-v0__FastDSACT_evalhb_table_torch_alpha0.001_std1_lesswd_nobound_warm_taub0.005tau0.005relu_enhanced_t1_ln__777
130000,584.680908203125,h1hand-window-v0,777,qqq2oaz3,h1hand-window-v0__FastDSACT_evalhb_table_torch_alpha0.001_std1_lesswd_nobound_warm_taub0.005tau0.005relu_enhanced_t1_ln__777
140000,613.260498046875,h1hand-window-v0,777,qqq2oaz3,h1hand-window-v0__FastDSACT_evalhb_table_torch_alpha0.001_std1_lesswd_nobound_warm_taub0.005tau0.005relu_enhanced_t1_ln__777
150000,700.8784790039062,h1hand-window-v0,777,qqq2oaz3,h1hand-window-v0__FastDSACT_evalhb_table_torch_alpha0.001_std1_lesswd_nobound_warm_taub0.005tau0.005relu_enhanced_t1_ln__777
160000,338.79400634765625,h1hand-window-v0,777,qqq2oaz3,h1hand-window-v0__FastDSACT_evalhb_table_torch_alpha0.001_std1_lesswd_nobound_warm_taub0.005tau0.005relu_enhanced_t1_ln__777
170000,666.6746215820312,h1hand-window-v0,777,qqq2oaz3,h1hand-window-v0__FastDSACT_evalhb_table_torch_alpha0.001_std1_lesswd_nobound_warm_taub0.005tau0.005relu_enhanced_t1_ln__777
180000,615.6676025390625,h1hand-window-v0,777,qqq2oaz3,h1hand-window-v0__FastDSACT_evalhb_table_torch_alpha0.001_std1_lesswd_nobound_warm_taub0.005tau0.005relu_enhanced_t1_ln__777
190000,699.7098999023438,h1hand-window-v0,777,qqq2oaz3,h1hand-window-v0__FastDSACT_evalhb_table_torch_alpha0.001_std1_lesswd_nobound_warm_taub0.005tau0.005relu_enhanced_t1_ln__777
200000,656.34765625,h1hand-window-v0,777,qqq2oaz3,h1hand-window-v0__FastDSACT_evalhb_table_torch_alpha0.001_std1_lesswd_nobound_warm_taub0.005tau0.005relu_enhanced_t1_ln__777
210000,710.5283203125,h1hand-window-v0,777,qqq2oaz3,h1hand-window-v0__FastDSACT_evalhb_table_torch_alpha0.001_std1_lesswd_nobound_warm_taub0.005tau0.005relu_enhanced_t1_ln__777
220000,694.6944580078125,h1hand-window-v0,777,qqq2oaz3,h1hand-window-v0__FastDSACT_evalhb_table_torch_alpha0.001_std1_lesswd_nobound_warm_taub0.005tau0.005relu_enhanced_t1_ln__777
230000,236.37728881835938,h1hand-window-v0,777,qqq2oaz3,h1hand-window-v0__FastDSACT_evalhb_table_torch_alpha0.001_std1_lesswd_nobound_warm_taub0.005tau0.005relu_enhanced_t1_ln__777
240000,638.41845703125,h1hand-window-v0,777,qqq2oaz3,h1hand-window-v0__FastDSACT_evalhb_table_torch_alpha0.001_std1_lesswd_nobound_warm_taub0.005tau0.005relu_enhanced_t1_ln__777
250000,532.5903930664062,h1hand-window-v0,777,qqq2oaz3,h1hand-window-v0__FastDSACT_evalhb_table_torch_alpha0.001_std1_lesswd_nobound_warm_taub0.005tau0.005relu_enhanced_t1_ln__777
10000,1252.4931640625,h1hand-reach-v0,666,soaufc9d,h1hand-reach-v0__FastDSACT_evalhb_hard_ablation_wodem__666
20000,2681.8046875,h1hand-reach-v0,666,soaufc9d,h1hand-reach-v0__FastDSACT_evalhb_hard_ablation_wodem__666
30000,4541.48828125,h1hand-reach-v0,666,soaufc9d,h1hand-reach-v0__FastDSACT_evalhb_hard_ablation_wodem__666
40000,4759.5830078125,h1hand-reach-v0,666,soaufc9d,h1hand-reach-v0__FastDSACT_evalhb_hard_ablation_wodem__666
50000,5801.36474609375,h1hand-reach-v0,666,soaufc9d,h1hand-reach-v0__FastDSACT_evalhb_hard_ablation_wodem__666
60000,5453.1572265625,h1hand-reach-v0,666,soaufc9d,h1hand-reach-v0__FastDSACT_evalhb_hard_ablation_wodem__666
70000,6107.81982421875,h1hand-reach-v0,666,soaufc9d,h1hand-reach-v0__FastDSACT_evalhb_hard_ablation_wodem__666
80000,6006.626953125,h1hand-reach-v0,666,soaufc9d,h1hand-reach-v0__FastDSACT_evalhb_hard_ablation_wodem__666
90000,6980.27734375,h1hand-reach-v0,666,soaufc9d,h1hand-reach-v0__FastDSACT_evalhb_hard_ablation_wodem__666
100000,7414.759765625,h1hand-reach-v0,666,soaufc9d,h1hand-reach-v0__FastDSACT_evalhb_hard_ablation_wodem__666
110000,7549.76806640625,h1hand-reach-v0,666,soaufc9d,h1hand-reach-v0__FastDSACT_evalhb_hard_ablation_wodem__666
120000,7606.13671875,h1hand-reach-v0,666,soaufc9d,h1hand-reach-v0__FastDSACT_evalhb_hard_ablation_wodem__666
130000,7870.9619140625,h1hand-reach-v0,666,soaufc9d,h1hand-reach-v0__FastDSACT_evalhb_hard_ablation_wodem__666
140000,7819.56787109375,h1hand-reach-v0,666,soaufc9d,h1hand-reach-v0__FastDSACT_evalhb_hard_ablation_wodem__666
150000,7885.92529296875,h1hand-reach-v0,666,soaufc9d,h1hand-reach-v0__FastDSACT_evalhb_hard_ablation_wodem__666
160000,8555.0087890625,h1hand-reach-v0,666,soaufc9d,h1hand-reach-v0__FastDSACT_evalhb_hard_ablation_wodem__666
170000,8631.861328125,h1hand-reach-v0,666,soaufc9d,h1hand-reach-v0__FastDSACT_evalhb_hard_ablation_wodem__666
180000,7991.2041015625,h1hand-reach-v0,666,soaufc9d,h1hand-reach-v0__FastDSACT_evalhb_hard_ablation_wodem__666
190000,8391.6630859375,h1hand-reach-v0,666,soaufc9d,h1hand-reach-v0__FastDSACT_evalhb_hard_ablation_wodem__666
200000,8801.90625,h1hand-reach-v0,666,soaufc9d,h1hand-reach-v0__FastDSACT_evalhb_hard_ablation_wodem__666
10000,2040.500732421875,h1hand-reach-v0,888,2gjq71lq,h1hand-reach-v0__FastDSACT_evalhb_hard_ablation_wodem__888
20000,3410.445556640625,h1hand-reach-v0,888,2gjq71lq,h1hand-reach-v0__FastDSACT_evalhb_hard_ablation_wodem__888
30000,4386.1689453125,h1hand-reach-v0,888,2gjq71lq,h1hand-reach-v0__FastDSACT_evalhb_hard_ablation_wodem__888
40000,4982.82568359375,h1hand-reach-v0,888,2gjq71lq,h1hand-reach-v0__FastDSACT_evalhb_hard_ablation_wodem__888
50000,5747.0751953125,h1hand-reach-v0,888,2gjq71lq,h1hand-reach-v0__FastDSACT_evalhb_hard_ablation_wodem__888
60000,6171.23291015625,h1hand-reach-v0,888,2gjq71lq,h1hand-reach-v0__FastDSACT_evalhb_hard_ablation_wodem__888
70000,7034.8271484375,h1hand-reach-v0,888,2gjq71lq,h1hand-reach-v0__FastDSACT_evalhb_hard_ablation_wodem__888
80000,7494.6240234375,h1hand-reach-v0,888,2gjq71lq,h1hand-reach-v0__FastDSACT_evalhb_hard_ablation_wodem__888
90000,7403.24609375,h1hand-reach-v0,888,2gjq71lq,h1hand-reach-v0__FastDSACT_evalhb_hard_ablation_wodem__888
100000,8349.40625,h1hand-reach-v0,888,2gjq71lq,h1hand-reach-v0__FastDSACT_evalhb_hard_ablation_wodem__888
110000,8326.470703125,h1hand-reach-v0,888,2gjq71lq,h1hand-reach-v0__FastDSACT_evalhb_hard_ablation_wodem__888
120000,7761.53125,h1hand-reach-v0,888,2gjq71lq,h1hand-reach-v0__FastDSACT_evalhb_hard_ablation_wodem__888
130000,8746.0078125,h1hand-reach-v0,888,2gjq71lq,h1hand-reach-v0__FastDSACT_evalhb_hard_ablation_wodem__888
140000,9043.544921875,h1hand-reach-v0,888,2gjq71lq,h1hand-reach-v0__FastDSACT_evalhb_hard_ablation_wodem__888
150000,8344.41796875,h1hand-reach-v0,888,2gjq71lq,h1hand-reach-v0__FastDSACT_evalhb_hard_ablation_wodem__888
160000,8744.6923828125,h1hand-reach-v0,888,2gjq71lq,h1hand-reach-v0__FastDSACT_evalhb_hard_ablation_wodem__888
170000,9584.60546875,h1hand-reach-v0,888,2gjq71lq,h1hand-reach-v0__FastDSACT_evalhb_hard_ablation_wodem__888
180000,8699.9326171875,h1hand-reach-v0,888,2gjq71lq,h1hand-reach-v0__FastDSACT_evalhb_hard_ablation_wodem__888
190000,8637.19921875,h1hand-reach-v0,888,2gjq71lq,h1hand-reach-v0__FastDSACT_evalhb_hard_ablation_wodem__888
200000,8962.2431640625,h1hand-reach-v0,888,2gjq71lq,h1hand-reach-v0__FastDSACT_evalhb_hard_ablation_wodem__888
10000,21.294147491455078,h1hand-window-v0,888,vbe6h30h,h1hand-window-v0__FastDSACT_evalhb_table_torch_alpha0.001_std1_lesswd_nobound_warm_taub0.005tau0.005relu_enhanced_t1_ln__888
20000,121.90677642822266,h1hand-window-v0,888,vbe6h30h,h1hand-window-v0__FastDSACT_evalhb_table_torch_alpha0.001_std1_lesswd_nobound_warm_taub0.005tau0.005relu_enhanced_t1_ln__888
30000,359.7944641113281,h1hand-window-v0,888,vbe6h30h,h1hand-window-v0__FastDSACT_evalhb_table_torch_alpha0.001_std1_lesswd_nobound_warm_taub0.005tau0.005relu_enhanced_t1_ln__888
40000,536.5419921875,h1hand-window-v0,888,vbe6h30h,h1hand-window-v0__FastDSACT_evalhb_table_torch_alpha0.001_std1_lesswd_nobound_warm_taub0.005tau0.005relu_enhanced_t1_ln__888
50000,538.0531005859375,h1hand-window-v0,888,vbe6h30h,h1hand-window-v0__FastDSACT_evalhb_table_torch_alpha0.001_std1_lesswd_nobound_warm_taub0.005tau0.005relu_enhanced_t1_ln__888
60000,583.7887573242188,h1hand-window-v0,888,vbe6h30h,h1hand-window-v0__FastDSACT_evalhb_table_torch_alpha0.001_std1_lesswd_nobound_warm_taub0.005tau0.005relu_enhanced_t1_ln__888
70000,563.0540161132812,h1hand-window-v0,888,vbe6h30h,h1hand-window-v0__FastDSACT_evalhb_table_torch_alpha0.001_std1_lesswd_nobound_warm_taub0.005tau0.005relu_enhanced_t1_ln__888
80000,610.4194946289062,h1hand-window-v0,888,vbe6h30h,h1hand-window-v0__FastDSACT_evalhb_table_torch_alpha0.001_std1_lesswd_nobound_warm_taub0.005tau0.005relu_enhanced_t1_ln__888
90000,372.7860107421875,h1hand-window-v0,888,vbe6h30h,h1hand-window-v0__FastDSACT_evalhb_table_torch_alpha0.001_std1_lesswd_nobound_warm_taub0.005tau0.005relu_enhanced_t1_ln__888
100000,514.6972045898438,h1hand-window-v0,888,vbe6h30h,h1hand-window-v0__FastDSACT_evalhb_table_torch_alpha0.001_std1_lesswd_nobound_warm_taub0.005tau0.005relu_enhanced_t1_ln__888
110000,453.67138671875,h1hand-window-v0,888,vbe6h30h,h1hand-window-v0__FastDSACT_evalhb_table_torch_alpha0.001_std1_lesswd_nobound_warm_taub0.005tau0.005relu_enhanced_t1_ln__888
120000,655.0765380859375,h1hand-window-v0,888,vbe6h30h,h1hand-window-v0__FastDSACT_evalhb_table_torch_alpha0.001_std1_lesswd_nobound_warm_taub0.005tau0.005relu_enhanced_t1_ln__888
130000,629.0671997070312,h1hand-window-v0,888,vbe6h30h,h1hand-window-v0__FastDSACT_evalhb_table_torch_alpha0.001_std1_lesswd_nobound_warm_taub0.005tau0.005relu_enhanced_t1_ln__888
140000,676.42919921875,h1hand-window-v0,888,vbe6h30h,h1hand-window-v0__FastDSACT_evalhb_table_torch_alpha0.001_std1_lesswd_nobound_warm_taub0.005tau0.005relu_enhanced_t1_ln__888
150000,647.9031982421875,h1hand-window-v0,888,vbe6h30h,h1hand-window-v0__FastDSACT_evalhb_table_torch_alpha0.001_std1_lesswd_nobound_warm_taub0.005tau0.005relu_enhanced_t1_ln__888
160000,601.7235717773438,h1hand-window-v0,888,vbe6h30h,h1hand-window-v0__FastDSACT_evalhb_table_torch_alpha0.001_std1_lesswd_nobound_warm_taub0.005tau0.005relu_enhanced_t1_ln__888
170000,642.4617309570312,h1hand-window-v0,888,vbe6h30h,h1hand-window-v0__FastDSACT_evalhb_table_torch_alpha0.001_std1_lesswd_nobound_warm_taub0.005tau0.005relu_enhanced_t1_ln__888
180000,563.0994262695312,h1hand-window-v0,888,vbe6h30h,h1hand-window-v0__FastDSACT_evalhb_table_torch_alpha0.001_std1_lesswd_nobound_warm_taub0.005tau0.005relu_enhanced_t1_ln__888
190000,659.7252807617188,h1hand-window-v0,888,vbe6h30h,h1hand-window-v0__FastDSACT_evalhb_table_torch_alpha0.001_std1_lesswd_nobound_warm_taub0.005tau0.005relu_enhanced_t1_ln__888
200000,595.7939453125,h1hand-window-v0,888,vbe6h30h,h1hand-window-v0__FastDSACT_evalhb_table_torch_alpha0.001_std1_lesswd_nobound_warm_taub0.005tau0.005relu_enhanced_t1_ln__888
210000,578.521484375,h1hand-window-v0,888,vbe6h30h,h1hand-window-v0__FastDSACT_evalhb_table_torch_alpha0.001_std1_lesswd_nobound_warm_taub0.005tau0.005relu_enhanced_t1_ln__888
220000,651.4310302734375,h1hand-window-v0,888,vbe6h30h,h1hand-window-v0__FastDSACT_evalhb_table_torch_alpha0.001_std1_lesswd_nobound_warm_taub0.005tau0.005relu_enhanced_t1_ln__888
230000,636.290283203125,h1hand-window-v0,888,vbe6h30h,h1hand-window-v0__FastDSACT_evalhb_table_torch_alpha0.001_std1_lesswd_nobound_warm_taub0.005tau0.005relu_enhanced_t1_ln__888
240000,665.4473876953125,h1hand-window-v0,888,vbe6h30h,h1hand-window-v0__FastDSACT_evalhb_table_torch_alpha0.001_std1_lesswd_nobound_warm_taub0.005tau0.005relu_enhanced_t1_ln__888
250000,583.92333984375,h1hand-window-v0,888,vbe6h30h,h1hand-window-v0__FastDSACT_evalhb_table_torch_alpha0.001_std1_lesswd_nobound_warm_taub0.005tau0.005relu_enhanced_t1_ln__888
10000,44.36185073852539,h1hand-stair-v0,777,kxn5yu8h,h1hand-stair-v0__FastDSACT_evalhb_hard_torch_alpha0.001_std1_lesswd_nobound_warm_taub0.005tau0.005relu_enhance_wentropylt1_ln__777
20000,52.917198181152344,h1hand-stair-v0,777,kxn5yu8h,h1hand-stair-v0__FastDSACT_evalhb_hard_torch_alpha0.001_std1_lesswd_nobound_warm_taub0.005tau0.005relu_enhance_wentropylt1_ln__777
30000,75.8522720336914,h1hand-stair-v0,777,kxn5yu8h,h1hand-stair-v0__FastDSACT_evalhb_hard_torch_alpha0.001_std1_lesswd_nobound_warm_taub0.005tau0.005relu_enhance_wentropylt1_ln__777
40000,420.88653564453125,h1hand-stair-v0,777,kxn5yu8h,h1hand-stair-v0__FastDSACT_evalhb_hard_torch_alpha0.001_std1_lesswd_nobound_warm_taub0.005tau0.005relu_enhance_wentropylt1_ln__777
50000,519.7730712890625,h1hand-stair-v0,777,kxn5yu8h,h1hand-stair-v0__FastDSACT_evalhb_hard_torch_alpha0.001_std1_lesswd_nobound_warm_taub0.005tau0.005relu_enhance_wentropylt1_ln__777
60000,597.357421875,h1hand-stair-v0,777,kxn5yu8h,h1hand-stair-v0__FastDSACT_evalhb_hard_torch_alpha0.001_std1_lesswd_nobound_warm_taub0.005tau0.005relu_enhance_wentropylt1_ln__777
70000,633.9534912109375,h1hand-stair-v0,777,kxn5yu8h,h1hand-stair-v0__FastDSACT_evalhb_hard_torch_alpha0.001_std1_lesswd_nobound_warm_taub0.005tau0.005relu_enhance_wentropylt1_ln__777
80000,676.13818359375,h1hand-stair-v0,777,kxn5yu8h,h1hand-stair-v0__FastDSACT_evalhb_hard_torch_alpha0.001_std1_lesswd_nobound_warm_taub0.005tau0.005relu_enhance_wentropylt1_ln__777
90000,689.797119140625,h1hand-stair-v0,777,kxn5yu8h,h1hand-stair-v0__FastDSACT_evalhb_hard_torch_alpha0.001_std1_lesswd_nobound_warm_taub0.005tau0.005relu_enhance_wentropylt1_ln__777
100000,686.83642578125,h1hand-stair-v0,777,kxn5yu8h,h1hand-stair-v0__FastDSACT_evalhb_hard_torch_alpha0.001_std1_lesswd_nobound_warm_taub0.005tau0.005relu_enhance_wentropylt1_ln__777
110000,667.7815551757812,h1hand-stair-v0,777,kxn5yu8h,h1hand-stair-v0__FastDSACT_evalhb_hard_torch_alpha0.001_std1_lesswd_nobound_warm_taub0.005tau0.005relu_enhance_wentropylt1_ln__777
120000,703.9010009765625,h1hand-stair-v0,777,kxn5yu8h,h1hand-stair-v0__FastDSACT_evalhb_hard_torch_alpha0.001_std1_lesswd_nobound_warm_taub0.005tau0.005relu_enhance_wentropylt1_ln__777
130000,699.3666381835938,h1hand-stair-v0,777,kxn5yu8h,h1hand-stair-v0__FastDSACT_evalhb_hard_torch_alpha0.001_std1_lesswd_nobound_warm_taub0.005tau0.005relu_enhance_wentropylt1_ln__777
140000,692.458984375,h1hand-stair-v0,777,kxn5yu8h,h1hand-stair-v0__FastDSACT_evalhb_hard_torch_alpha0.001_std1_lesswd_nobound_warm_taub0.005tau0.005relu_enhance_wentropylt1_ln__777
150000,560.7835693359375,h1hand-stair-v0,777,kxn5yu8h,h1hand-stair-v0__FastDSACT_evalhb_hard_torch_alpha0.001_std1_lesswd_nobound_warm_taub0.005tau0.005relu_enhance_wentropylt1_ln__777
10000,36.83242416381836,h1hand-stair-v0,888,vq9717fl,h1hand-stair-v0__FastDSACT_evalhb_hard_torch_alpha0.001_std1_lesswd_nobound_warm_taub0.005tau0.005relu_enhance_wentropylt1_ln__888
20000,47.1248779296875,h1hand-stair-v0,888,vq9717fl,h1hand-stair-v0__FastDSACT_evalhb_hard_torch_alpha0.001_std1_lesswd_nobound_warm_taub0.005tau0.005relu_enhance_wentropylt1_ln__888
30000,64.35607147216797,h1hand-stair-v0,888,vq9717fl,h1hand-stair-v0__FastDSACT_evalhb_hard_torch_alpha0.001_std1_lesswd_nobound_warm_taub0.005tau0.005relu_enhance_wentropylt1_ln__888
40000,129.6539306640625,h1hand-stair-v0,888,vq9717fl,h1hand-stair-v0__FastDSACT_evalhb_hard_torch_alpha0.001_std1_lesswd_nobound_warm_taub0.005tau0.005relu_enhance_wentropylt1_ln__888
50000,343.49639892578125,h1hand-stair-v0,888,vq9717fl,h1hand-stair-v0__FastDSACT_evalhb_hard_torch_alpha0.001_std1_lesswd_nobound_warm_taub0.005tau0.005relu_enhance_wentropylt1_ln__888
60000,464.39117431640625,h1hand-stair-v0,888,vq9717fl,h1hand-stair-v0__FastDSACT_evalhb_hard_torch_alpha0.001_std1_lesswd_nobound_warm_taub0.005tau0.005relu_enhance_wentropylt1_ln__888
70000,576.7548828125,h1hand-stair-v0,888,vq9717fl,h1hand-stair-v0__FastDSACT_evalhb_hard_torch_alpha0.001_std1_lesswd_nobound_warm_taub0.005tau0.005relu_enhance_wentropylt1_ln__888
80000,615.0006103515625,h1hand-stair-v0,888,vq9717fl,h1hand-stair-v0__FastDSACT_evalhb_hard_torch_alpha0.001_std1_lesswd_nobound_warm_taub0.005tau0.005relu_enhance_wentropylt1_ln__888
90000,644.7952880859375,h1hand-stair-v0,888,vq9717fl,h1hand-stair-v0__FastDSACT_evalhb_hard_torch_alpha0.001_std1_lesswd_nobound_warm_taub0.005tau0.005relu_enhance_wentropylt1_ln__888
100000,654.9427490234375,h1hand-stair-v0,888,vq9717fl,h1hand-stair-v0__FastDSACT_evalhb_hard_torch_alpha0.001_std1_lesswd_nobound_warm_taub0.005tau0.005relu_enhance_wentropylt1_ln__888
110000,663.0573120117188,h1hand-stair-v0,888,vq9717fl,h1hand-stair-v0__FastDSACT_evalhb_hard_torch_alpha0.001_std1_lesswd_nobound_warm_taub0.005tau0.005relu_enhance_wentropylt1_ln__888
120000,649.6396484375,h1hand-stair-v0,888,vq9717fl,h1hand-stair-v0__FastDSACT_evalhb_hard_torch_alpha0.001_std1_lesswd_nobound_warm_taub0.005tau0.005relu_enhance_wentropylt1_ln__888
130000,658.91064453125,h1hand-stair-v0,888,vq9717fl,h1hand-stair-v0__FastDSACT_evalhb_hard_torch_alpha0.001_std1_lesswd_nobound_warm_taub0.005tau0.005relu_enhance_wentropylt1_ln__888
140000,687.242431640625,h1hand-stair-v0,888,vq9717fl,h1hand-stair-v0__FastDSACT_evalhb_hard_torch_alpha0.001_std1_lesswd_nobound_warm_taub0.005tau0.005relu_enhance_wentropylt1_ln__888
150000,684.0828247070312,h1hand-stair-v0,888,vq9717fl,h1hand-stair-v0__FastDSACT_evalhb_hard_torch_alpha0.001_std1_lesswd_nobound_warm_taub0.005tau0.005relu_enhance_wentropylt1_ln__888
10000,38.672264099121094,h1hand-stair-v0,666,owqa6o7g,h1hand-stair-v0__FastDSACT_evalhb_hard_torch_alpha0.001_std1_lesswd_nobound_warm_taub0.005tau0.005relu_enhance_wentropylt1_ln__666
20000,45.99766540527344,h1hand-stair-v0,666,owqa6o7g,h1hand-stair-v0__FastDSACT_evalhb_hard_torch_alpha0.001_std1_lesswd_nobound_warm_taub0.005tau0.005relu_enhance_wentropylt1_ln__666
30000,46.45152282714844,h1hand-stair-v0,666,owqa6o7g,h1hand-stair-v0__FastDSACT_evalhb_hard_torch_alpha0.001_std1_lesswd_nobound_warm_taub0.005tau0.005relu_enhance_wentropylt1_ln__666
40000,54.949317932128906,h1hand-stair-v0,666,owqa6o7g,h1hand-stair-v0__FastDSACT_evalhb_hard_torch_alpha0.001_std1_lesswd_nobound_warm_taub0.005tau0.005relu_enhance_wentropylt1_ln__666
50000,64.26925659179688,h1hand-stair-v0,666,owqa6o7g,h1hand-stair-v0__FastDSACT_evalhb_hard_torch_alpha0.001_std1_lesswd_nobound_warm_taub0.005tau0.005relu_enhance_wentropylt1_ln__666
60000,89.98713684082031,h1hand-stair-v0,666,owqa6o7g,h1hand-stair-v0__FastDSACT_evalhb_hard_torch_alpha0.001_std1_lesswd_nobound_warm_taub0.005tau0.005relu_enhance_wentropylt1_ln__666
70000,160.47293090820312,h1hand-stair-v0,666,owqa6o7g,h1hand-stair-v0__FastDSACT_evalhb_hard_torch_alpha0.001_std1_lesswd_nobound_warm_taub0.005tau0.005relu_enhance_wentropylt1_ln__666
80000,353.54168701171875,h1hand-stair-v0,666,owqa6o7g,h1hand-stair-v0__FastDSACT_evalhb_hard_torch_alpha0.001_std1_lesswd_nobound_warm_taub0.005tau0.005relu_enhance_wentropylt1_ln__666
90000,525.478271484375,h1hand-stair-v0,666,owqa6o7g,h1hand-stair-v0__FastDSACT_evalhb_hard_torch_alpha0.001_std1_lesswd_nobound_warm_taub0.005tau0.005relu_enhance_wentropylt1_ln__666
100000,589.3035888671875,h1hand-stair-v0,666,owqa6o7g,h1hand-stair-v0__FastDSACT_evalhb_hard_torch_alpha0.001_std1_lesswd_nobound_warm_taub0.005tau0.005relu_enhance_wentropylt1_ln__666
110000,642.9774780273438,h1hand-stair-v0,666,owqa6o7g,h1hand-stair-v0__FastDSACT_evalhb_hard_torch_alpha0.001_std1_lesswd_nobound_warm_taub0.005tau0.005relu_enhance_wentropylt1_ln__666
120000,647.6190185546875,h1hand-stair-v0,666,owqa6o7g,h1hand-stair-v0__FastDSACT_evalhb_hard_torch_alpha0.001_std1_lesswd_nobound_warm_taub0.005tau0.005relu_enhance_wentropylt1_ln__666
130000,662.761474609375,h1hand-stair-v0,666,owqa6o7g,h1hand-stair-v0__FastDSACT_evalhb_hard_torch_alpha0.001_std1_lesswd_nobound_warm_taub0.005tau0.005relu_enhance_wentropylt1_ln__666
140000,673.7512817382812,h1hand-stair-v0,666,owqa6o7g,h1hand-stair-v0__FastDSACT_evalhb_hard_torch_alpha0.001_std1_lesswd_nobound_warm_taub0.005tau0.005relu_enhance_wentropylt1_ln__666
150000,679.443359375,h1hand-stair-v0,666,owqa6o7g,h1hand-stair-v0__FastDSACT_evalhb_hard_torch_alpha0.001_std1_lesswd_nobound_warm_taub0.005tau0.005relu_enhance_wentropylt1_ln__666
10000,2335.083984375,h1hand-reach-v0,777,nj25lrtd,h1hand-reach-v0__FastDSACT_evalhb_hard_ablation_wodem__777
20000,3631.96484375,h1hand-reach-v0,777,nj25lrtd,h1hand-reach-v0__FastDSACT_evalhb_hard_ablation_wodem__777
30000,5660.1318359375,h1hand-reach-v0,777,nj25lrtd,h1hand-reach-v0__FastDSACT_evalhb_hard_ablation_wodem__777
40000,6316.59814453125,h1hand-reach-v0,777,nj25lrtd,h1hand-reach-v0__FastDSACT_evalhb_hard_ablation_wodem__777
50000,6518.42626953125,h1hand-reach-v0,777,nj25lrtd,h1hand-reach-v0__FastDSACT_evalhb_hard_ablation_wodem__777
60000,6760.05810546875,h1hand-reach-v0,777,nj25lrtd,h1hand-reach-v0__FastDSACT_evalhb_hard_ablation_wodem__777
70000,7667.16650390625,h1hand-reach-v0,777,nj25lrtd,h1hand-reach-v0__FastDSACT_evalhb_hard_ablation_wodem__777
80000,7426.73291015625,h1hand-reach-v0,777,nj25lrtd,h1hand-reach-v0__FastDSACT_evalhb_hard_ablation_wodem__777
90000,7978.53662109375,h1hand-reach-v0,777,nj25lrtd,h1hand-reach-v0__FastDSACT_evalhb_hard_ablation_wodem__777
100000,8144.333984375,h1hand-reach-v0,777,nj25lrtd,h1hand-reach-v0__FastDSACT_evalhb_hard_ablation_wodem__777
110000,8413.4697265625,h1hand-reach-v0,777,nj25lrtd,h1hand-reach-v0__FastDSACT_evalhb_hard_ablation_wodem__777
120000,8476.962890625,h1hand-reach-v0,777,nj25lrtd,h1hand-reach-v0__FastDSACT_evalhb_hard_ablation_wodem__777
130000,8667.482421875,h1hand-reach-v0,777,nj25lrtd,h1hand-reach-v0__FastDSACT_evalhb_hard_ablation_wodem__777
140000,8078.904296875,h1hand-reach-v0,777,nj25lrtd,h1hand-reach-v0__FastDSACT_evalhb_hard_ablation_wodem__777
150000,8334.009765625,h1hand-reach-v0,777,nj25lrtd,h1hand-reach-v0__FastDSACT_evalhb_hard_ablation_wodem__777
160000,8590.591796875,h1hand-reach-v0,777,nj25lrtd,h1hand-reach-v0__FastDSACT_evalhb_hard_ablation_wodem__777
170000,8980.9287109375,h1hand-reach-v0,777,nj25lrtd,h1hand-reach-v0__FastDSACT_evalhb_hard_ablation_wodem__777
180000,8700.037109375,h1hand-reach-v0,777,nj25lrtd,h1hand-reach-v0__FastDSACT_evalhb_hard_ablation_wodem__777
190000,9158.267578125,h1hand-reach-v0,777,nj25lrtd,h1hand-reach-v0__FastDSACT_evalhb_hard_ablation_wodem__777
200000,8493.62890625,h1hand-reach-v0,777,nj25lrtd,h1hand-reach-v0__FastDSACT_evalhb_hard_ablation_wodem__777
