_step,eval_avg_return,env_name,seed,run_id,run_name,temperature
10000,8.460922241210938,h1hand-stair-v0,888,0s4i6fgk,FastSACPro_h1hand-stair-v0__FastDSACT_evalhb_hard_ablation_wodem__888,1
20000,34.649749755859375,h1hand-stair-v0,888,0s4i6fgk,FastSACPro_h1hand-stair-v0__FastDSACT_evalhb_hard_ablation_wodem__888,1
30000,39.831932067871094,h1hand-stair-v0,888,0s4i6fgk,FastSACPro_h1hand-stair-v0__FastDSACT_evalhb_hard_ablation_wodem__888,1
40000,47.64833068847656,h1hand-stair-v0,888,0s4i6fgk,FastSACPro_h1hand-stair-v0__FastDSACT_evalhb_hard_ablation_wodem__888,1
50000,49.34397888183594,h1hand-stair-v0,888,0s4i6fgk,FastSACPro_h1hand-stair-v0__FastDSACT_evalhb_hard_ablation_wodem__888,1
60000,53.659263610839844,h1hand-stair-v0,888,0s4i6fgk,FastSACPro_h1hand-stair-v0__FastDSACT_evalhb_hard_ablation_wodem__888,1
70000,68.37132263183594,h1hand-stair-v0,888,0s4i6fgk,FastSACPro_h1hand-stair-v0__FastDSACT_evalhb_hard_ablation_wodem__888,1
80000,101.66465759277344,h1hand-stair-v0,888,0s4i6fgk,FastSACPro_h1hand-stair-v0__FastDSACT_evalhb_hard_ablation_wodem__888,1
90000,118.06204986572266,h1hand-stair-v0,888,0s4i6fgk,FastSACPro_h1hand-stair-v0__FastDSACT_evalhb_hard_ablation_wodem__888,1
100000,165.54818725585938,h1hand-stair-v0,888,0s4i6fgk,FastSACPro_h1hand-stair-v0__FastDSACT_evalhb_hard_ablation_wodem__888,1
110000,204.18162536621094,h1hand-stair-v0,888,0s4i6fgk,FastSACPro_h1hand-stair-v0__FastDSACT_evalhb_hard_ablation_wodem__888,1
120000,277.81793212890625,h1hand-stair-v0,888,0s4i6fgk,FastSACPro_h1hand-stair-v0__FastDSACT_evalhb_hard_ablation_wodem__888,1
130000,271.5246887207031,h1hand-stair-v0,888,0s4i6fgk,FastSACPro_h1hand-stair-v0__FastDSACT_evalhb_hard_ablation_wodem__888,1
140000,216.71401977539062,h1hand-stair-v0,888,0s4i6fgk,FastSACPro_h1hand-stair-v0__FastDSACT_evalhb_hard_ablation_wodem__888,1
150000,252.05584716796875,h1hand-stair-v0,888,0s4i6fgk,FastSACPro_h1hand-stair-v0__FastDSACT_evalhb_hard_ablation_wodem__888,1
10000,16.42279815673828,h1hand-stair-v0,666,3wnpujmm,FastSACPro_h1hand-stair-v0__FastDSACT_evalhb_hard_ablation_wodem__666,1
20000,21.581947326660156,h1hand-stair-v0,666,3wnpujmm,FastSACPro_h1hand-stair-v0__FastDSACT_evalhb_hard_ablation_wodem__666,1
30000,27.17389678955078,h1hand-stair-v0,666,3wnpujmm,FastSACPro_h1hand-stair-v0__FastDSACT_evalhb_hard_ablation_wodem__666,1
40000,7.472883224487305,h1hand-stair-v0,666,3wnpujmm,FastSACPro_h1hand-stair-v0__FastDSACT_evalhb_hard_ablation_wodem__666,1
50000,25.20393943786621,h1hand-stair-v0,666,3wnpujmm,FastSACPro_h1hand-stair-v0__FastDSACT_evalhb_hard_ablation_wodem__666,1
60000,47.4991455078125,h1hand-stair-v0,666,3wnpujmm,FastSACPro_h1hand-stair-v0__FastDSACT_evalhb_hard_ablation_wodem__666,1
70000,73.51273345947266,h1hand-stair-v0,666,3wnpujmm,FastSACPro_h1hand-stair-v0__FastDSACT_evalhb_hard_ablation_wodem__666,1
80000,65.57774353027344,h1hand-stair-v0,666,3wnpujmm,FastSACPro_h1hand-stair-v0__FastDSACT_evalhb_hard_ablation_wodem__666,1
90000,34.65315246582031,h1hand-stair-v0,666,3wnpujmm,FastSACPro_h1hand-stair-v0__FastDSACT_evalhb_hard_ablation_wodem__666,1
100000,57.41795349121094,h1hand-stair-v0,666,3wnpujmm,FastSACPro_h1hand-stair-v0__FastDSACT_evalhb_hard_ablation_wodem__666,1
110000,60.68860626220703,h1hand-stair-v0,666,3wnpujmm,FastSACPro_h1hand-stair-v0__FastDSACT_evalhb_hard_ablation_wodem__666,1
120000,117.47714233398438,h1hand-stair-v0,666,3wnpujmm,FastSACPro_h1hand-stair-v0__FastDSACT_evalhb_hard_ablation_wodem__666,1
130000,100.78948974609375,h1hand-stair-v0,666,3wnpujmm,FastSACPro_h1hand-stair-v0__FastDSACT_evalhb_hard_ablation_wodem__666,1
140000,64.17296600341797,h1hand-stair-v0,666,3wnpujmm,FastSACPro_h1hand-stair-v0__FastDSACT_evalhb_hard_ablation_wodem__666,1
150000,149.57777404785156,h1hand-stair-v0,666,3wnpujmm,FastSACPro_h1hand-stair-v0__FastDSACT_evalhb_hard_ablation_wodem__666,1
10000,11.035582542419434,h1hand-stair-v0,777,ni9ri9bv,FastSACPro_h1hand-stair-v0__FastDSACT_evalhb_hard_ablation_wodem__777,1
20000,37.37246322631836,h1hand-stair-v0,777,ni9ri9bv,FastSACPro_h1hand-stair-v0__FastDSACT_evalhb_hard_ablation_wodem__777,1
30000,35.83740997314453,h1hand-stair-v0,777,ni9ri9bv,FastSACPro_h1hand-stair-v0__FastDSACT_evalhb_hard_ablation_wodem__777,1
40000,32.77558898925781,h1hand-stair-v0,777,ni9ri9bv,FastSACPro_h1hand-stair-v0__FastDSACT_evalhb_hard_ablation_wodem__777,1
50000,45.539466857910156,h1hand-stair-v0,777,ni9ri9bv,FastSACPro_h1hand-stair-v0__FastDSACT_evalhb_hard_ablation_wodem__777,1
60000,63.5419921875,h1hand-stair-v0,777,ni9ri9bv,FastSACPro_h1hand-stair-v0__FastDSACT_evalhb_hard_ablation_wodem__777,1
70000,73.38142395019531,h1hand-stair-v0,777,ni9ri9bv,FastSACPro_h1hand-stair-v0__FastDSACT_evalhb_hard_ablation_wodem__777,1
80000,115.33015441894531,h1hand-stair-v0,777,ni9ri9bv,FastSACPro_h1hand-stair-v0__FastDSACT_evalhb_hard_ablation_wodem__777,1
90000,212.78604125976562,h1hand-stair-v0,777,ni9ri9bv,FastSACPro_h1hand-stair-v0__FastDSACT_evalhb_hard_ablation_wodem__777,1
100000,222.3506317138672,h1hand-stair-v0,777,ni9ri9bv,FastSACPro_h1hand-stair-v0__FastDSACT_evalhb_hard_ablation_wodem__777,1
110000,260.165283203125,h1hand-stair-v0,777,ni9ri9bv,FastSACPro_h1hand-stair-v0__FastDSACT_evalhb_hard_ablation_wodem__777,1
120000,225.51072692871094,h1hand-stair-v0,777,ni9ri9bv,FastSACPro_h1hand-stair-v0__FastDSACT_evalhb_hard_ablation_wodem__777,1
130000,263.1183776855469,h1hand-stair-v0,777,ni9ri9bv,FastSACPro_h1hand-stair-v0__FastDSACT_evalhb_hard_ablation_wodem__777,1
140000,304.2227783203125,h1hand-stair-v0,777,ni9ri9bv,FastSACPro_h1hand-stair-v0__FastDSACT_evalhb_hard_ablation_wodem__777,1
150000,223.14459228515625,h1hand-stair-v0,777,ni9ri9bv,FastSACPro_h1hand-stair-v0__FastDSACT_evalhb_hard_ablation_wodem__777,1
10000,46.61389923095703,h1hand-balance_hard-v0,666,s7v8eave,FastSACPro_h1hand-balance_hard-v0__FastDSACT_evalhb_hard_ablation_wodem__666,1
20000,52.43011474609375,h1hand-balance_hard-v0,666,s7v8eave,FastSACPro_h1hand-balance_hard-v0__FastDSACT_evalhb_hard_ablation_wodem__666,1
30000,66.22657775878906,h1hand-balance_hard-v0,666,s7v8eave,FastSACPro_h1hand-balance_hard-v0__FastDSACT_evalhb_hard_ablation_wodem__666,1
40000,88.11628723144531,h1hand-balance_hard-v0,666,s7v8eave,FastSACPro_h1hand-balance_hard-v0__FastDSACT_evalhb_hard_ablation_wodem__666,1
50000,94.44647216796875,h1hand-balance_hard-v0,666,s7v8eave,FastSACPro_h1hand-balance_hard-v0__FastDSACT_evalhb_hard_ablation_wodem__666,1
60000,131.19451904296875,h1hand-balance_hard-v0,666,s7v8eave,FastSACPro_h1hand-balance_hard-v0__FastDSACT_evalhb_hard_ablation_wodem__666,1
70000,138.59317016601562,h1hand-balance_hard-v0,666,s7v8eave,FastSACPro_h1hand-balance_hard-v0__FastDSACT_evalhb_hard_ablation_wodem__666,1
80000,258.09942626953125,h1hand-balance_hard-v0,666,s7v8eave,FastSACPro_h1hand-balance_hard-v0__FastDSACT_evalhb_hard_ablation_wodem__666,1
90000,260.1356506347656,h1hand-balance_hard-v0,666,s7v8eave,FastSACPro_h1hand-balance_hard-v0__FastDSACT_evalhb_hard_ablation_wodem__666,1
100000,381.7882080078125,h1hand-balance_hard-v0,666,s7v8eave,FastSACPro_h1hand-balance_hard-v0__FastDSACT_evalhb_hard_ablation_wodem__666,1
110000,332.0461730957031,h1hand-balance_hard-v0,666,s7v8eave,FastSACPro_h1hand-balance_hard-v0__FastDSACT_evalhb_hard_ablation_wodem__666,1
120000,318.2952880859375,h1hand-balance_hard-v0,666,s7v8eave,FastSACPro_h1hand-balance_hard-v0__FastDSACT_evalhb_hard_ablation_wodem__666,1
130000,544.839111328125,h1hand-balance_hard-v0,666,s7v8eave,FastSACPro_h1hand-balance_hard-v0__FastDSACT_evalhb_hard_ablation_wodem__666,1
140000,334.7915954589844,h1hand-balance_hard-v0,666,s7v8eave,FastSACPro_h1hand-balance_hard-v0__FastDSACT_evalhb_hard_ablation_wodem__666,1
150000,397.1839904785156,h1hand-balance_hard-v0,666,s7v8eave,FastSACPro_h1hand-balance_hard-v0__FastDSACT_evalhb_hard_ablation_wodem__666,1
160000,468.09735107421875,h1hand-balance_hard-v0,666,s7v8eave,FastSACPro_h1hand-balance_hard-v0__FastDSACT_evalhb_hard_ablation_wodem__666,1
170000,472.6875,h1hand-balance_hard-v0,666,s7v8eave,FastSACPro_h1hand-balance_hard-v0__FastDSACT_evalhb_hard_ablation_wodem__666,1
180000,396.894775390625,h1hand-balance_hard-v0,666,s7v8eave,FastSACPro_h1hand-balance_hard-v0__FastDSACT_evalhb_hard_ablation_wodem__666,1
190000,337.01666259765625,h1hand-balance_hard-v0,666,s7v8eave,FastSACPro_h1hand-balance_hard-v0__FastDSACT_evalhb_hard_ablation_wodem__666,1
200000,343.5304870605469,h1hand-balance_hard-v0,666,s7v8eave,FastSACPro_h1hand-balance_hard-v0__FastDSACT_evalhb_hard_ablation_wodem__666,1
10000,-2.3351995944976807,G1JoystickRoughTerrain,666,02xx7v71,FastSACPro_G1JoystickRoughTerrain__g1rough_critic_fastsac_c51dem__666,1
20000,-1.9620511531829834,G1JoystickRoughTerrain,666,02xx7v71,FastSACPro_G1JoystickRoughTerrain__g1rough_critic_fastsac_c51dem__666,1
30000,-2.032026529312134,G1JoystickRoughTerrain,666,02xx7v71,FastSACPro_G1JoystickRoughTerrain__g1rough_critic_fastsac_c51dem__666,1
40000,-1.758228063583374,G1JoystickRoughTerrain,666,02xx7v71,FastSACPro_G1JoystickRoughTerrain__g1rough_critic_fastsac_c51dem__666,1
46000,-1.377520203590393,G1JoystickRoughTerrain,666,02xx7v71,FastSACPro_G1JoystickRoughTerrain__g1rough_critic_fastsac_c51dem__666,1
10000,29.13336753845215,h1hand-balance_hard-v0,777,tv3ktgtf,FastSACPro_h1hand-balance_hard-v0__FastDSACT_evalhb_hard_ablation_wodem__777,1
20000,58.33058166503906,h1hand-balance_hard-v0,777,tv3ktgtf,FastSACPro_h1hand-balance_hard-v0__FastDSACT_evalhb_hard_ablation_wodem__777,1
30000,74.0068588256836,h1hand-balance_hard-v0,777,tv3ktgtf,FastSACPro_h1hand-balance_hard-v0__FastDSACT_evalhb_hard_ablation_wodem__777,1
40000,93.14009094238281,h1hand-balance_hard-v0,777,tv3ktgtf,FastSACPro_h1hand-balance_hard-v0__FastDSACT_evalhb_hard_ablation_wodem__777,1
50000,135.0733184814453,h1hand-balance_hard-v0,777,tv3ktgtf,FastSACPro_h1hand-balance_hard-v0__FastDSACT_evalhb_hard_ablation_wodem__777,1
60000,170.18270874023438,h1hand-balance_hard-v0,777,tv3ktgtf,FastSACPro_h1hand-balance_hard-v0__FastDSACT_evalhb_hard_ablation_wodem__777,1
70000,172.77264404296875,h1hand-balance_hard-v0,777,tv3ktgtf,FastSACPro_h1hand-balance_hard-v0__FastDSACT_evalhb_hard_ablation_wodem__777,1
80000,219.19076538085938,h1hand-balance_hard-v0,777,tv3ktgtf,FastSACPro_h1hand-balance_hard-v0__FastDSACT_evalhb_hard_ablation_wodem__777,1
90000,285.2485656738281,h1hand-balance_hard-v0,777,tv3ktgtf,FastSACPro_h1hand-balance_hard-v0__FastDSACT_evalhb_hard_ablation_wodem__777,1
100000,295.7978210449219,h1hand-balance_hard-v0,777,tv3ktgtf,FastSACPro_h1hand-balance_hard-v0__FastDSACT_evalhb_hard_ablation_wodem__777,1
110000,307.38641357421875,h1hand-balance_hard-v0,777,tv3ktgtf,FastSACPro_h1hand-balance_hard-v0__FastDSACT_evalhb_hard_ablation_wodem__777,1
120000,323.3074951171875,h1hand-balance_hard-v0,777,tv3ktgtf,FastSACPro_h1hand-balance_hard-v0__FastDSACT_evalhb_hard_ablation_wodem__777,1
130000,344.4377746582031,h1hand-balance_hard-v0,777,tv3ktgtf,FastSACPro_h1hand-balance_hard-v0__FastDSACT_evalhb_hard_ablation_wodem__777,1
140000,352.6249084472656,h1hand-balance_hard-v0,777,tv3ktgtf,FastSACPro_h1hand-balance_hard-v0__FastDSACT_evalhb_hard_ablation_wodem__777,1
150000,335.6470947265625,h1hand-balance_hard-v0,777,tv3ktgtf,FastSACPro_h1hand-balance_hard-v0__FastDSACT_evalhb_hard_ablation_wodem__777,1
160000,336.4352111816406,h1hand-balance_hard-v0,777,tv3ktgtf,FastSACPro_h1hand-balance_hard-v0__FastDSACT_evalhb_hard_ablation_wodem__777,1
170000,126.53092956542969,h1hand-balance_hard-v0,777,tv3ktgtf,FastSACPro_h1hand-balance_hard-v0__FastDSACT_evalhb_hard_ablation_wodem__777,1
180000,400.96356201171875,h1hand-balance_hard-v0,777,tv3ktgtf,FastSACPro_h1hand-balance_hard-v0__FastDSACT_evalhb_hard_ablation_wodem__777,1
190000,401.8416748046875,h1hand-balance_hard-v0,777,tv3ktgtf,FastSACPro_h1hand-balance_hard-v0__FastDSACT_evalhb_hard_ablation_wodem__777,1
200000,345.40411376953125,h1hand-balance_hard-v0,777,tv3ktgtf,FastSACPro_h1hand-balance_hard-v0__FastDSACT_evalhb_hard_ablation_wodem__777,1
10000,-2.3562567234039307,G1JoystickRoughTerrain,777,evx3v7po,FastSACPro_G1JoystickRoughTerrain__g1rough_critic_fastsac_c51dem__777,1
20000,-1.95271635055542,G1JoystickRoughTerrain,777,evx3v7po,FastSACPro_G1JoystickRoughTerrain__g1rough_critic_fastsac_c51dem__777,1
30000,-2.002720355987549,G1JoystickRoughTerrain,777,evx3v7po,FastSACPro_G1JoystickRoughTerrain__g1rough_critic_fastsac_c51dem__777,1
40000,-2.010270595550537,G1JoystickRoughTerrain,777,evx3v7po,FastSACPro_G1JoystickRoughTerrain__g1rough_critic_fastsac_c51dem__777,1
46000,-1.9846150875091553,G1JoystickRoughTerrain,777,evx3v7po,FastSACPro_G1JoystickRoughTerrain__g1rough_critic_fastsac_c51dem__777,1
10000,-3.022791624069214,G1JoystickRoughTerrain,888,ekdzf0ox,FastSACPro_G1JoystickRoughTerrain__g1rough_critic_fastsac_c51dem__888,1
20000,-1.9704557657241821,G1JoystickRoughTerrain,888,ekdzf0ox,FastSACPro_G1JoystickRoughTerrain__g1rough_critic_fastsac_c51dem__888,1
30000,-1.9398012161254883,G1JoystickRoughTerrain,888,ekdzf0ox,FastSACPro_G1JoystickRoughTerrain__g1rough_critic_fastsac_c51dem__888,1
40000,-1.992408037185669,G1JoystickRoughTerrain,888,ekdzf0ox,FastSACPro_G1JoystickRoughTerrain__g1rough_critic_fastsac_c51dem__888,1
46000,-1.9311463832855225,G1JoystickRoughTerrain,888,ekdzf0ox,FastSACPro_G1JoystickRoughTerrain__g1rough_critic_fastsac_c51dem__888,1
10000,48.67803955078125,h1hand-balance_hard-v0,888,jnus1v3a,FastSACPro_h1hand-balance_hard-v0__FastDSACT_evalhb_hard_ablation_wodem__888,1
20000,60.24177932739258,h1hand-balance_hard-v0,888,jnus1v3a,FastSACPro_h1hand-balance_hard-v0__FastDSACT_evalhb_hard_ablation_wodem__888,1
30000,77.5827865600586,h1hand-balance_hard-v0,888,jnus1v3a,FastSACPro_h1hand-balance_hard-v0__FastDSACT_evalhb_hard_ablation_wodem__888,1
40000,70.20889282226562,h1hand-balance_hard-v0,888,jnus1v3a,FastSACPro_h1hand-balance_hard-v0__FastDSACT_evalhb_hard_ablation_wodem__888,1
50000,129.53668212890625,h1hand-balance_hard-v0,888,jnus1v3a,FastSACPro_h1hand-balance_hard-v0__FastDSACT_evalhb_hard_ablation_wodem__888,1
60000,159.80838012695312,h1hand-balance_hard-v0,888,jnus1v3a,FastSACPro_h1hand-balance_hard-v0__FastDSACT_evalhb_hard_ablation_wodem__888,1
70000,188.363525390625,h1hand-balance_hard-v0,888,jnus1v3a,FastSACPro_h1hand-balance_hard-v0__FastDSACT_evalhb_hard_ablation_wodem__888,1
80000,212.05491638183594,h1hand-balance_hard-v0,888,jnus1v3a,FastSACPro_h1hand-balance_hard-v0__FastDSACT_evalhb_hard_ablation_wodem__888,1
90000,235.2976531982422,h1hand-balance_hard-v0,888,jnus1v3a,FastSACPro_h1hand-balance_hard-v0__FastDSACT_evalhb_hard_ablation_wodem__888,1
100000,310.79254150390625,h1hand-balance_hard-v0,888,jnus1v3a,FastSACPro_h1hand-balance_hard-v0__FastDSACT_evalhb_hard_ablation_wodem__888,1
110000,402.05322265625,h1hand-balance_hard-v0,888,jnus1v3a,FastSACPro_h1hand-balance_hard-v0__FastDSACT_evalhb_hard_ablation_wodem__888,1
120000,432.30169677734375,h1hand-balance_hard-v0,888,jnus1v3a,FastSACPro_h1hand-balance_hard-v0__FastDSACT_evalhb_hard_ablation_wodem__888,1
130000,349.71099853515625,h1hand-balance_hard-v0,888,jnus1v3a,FastSACPro_h1hand-balance_hard-v0__FastDSACT_evalhb_hard_ablation_wodem__888,1
140000,334.7021484375,h1hand-balance_hard-v0,888,jnus1v3a,FastSACPro_h1hand-balance_hard-v0__FastDSACT_evalhb_hard_ablation_wodem__888,1
150000,310.14178466796875,h1hand-balance_hard-v0,888,jnus1v3a,FastSACPro_h1hand-balance_hard-v0__FastDSACT_evalhb_hard_ablation_wodem__888,1
160000,347.7125244140625,h1hand-balance_hard-v0,888,jnus1v3a,FastSACPro_h1hand-balance_hard-v0__FastDSACT_evalhb_hard_ablation_wodem__888,1
170000,442.72723388671875,h1hand-balance_hard-v0,888,jnus1v3a,FastSACPro_h1hand-balance_hard-v0__FastDSACT_evalhb_hard_ablation_wodem__888,1
180000,351.2047119140625,h1hand-balance_hard-v0,888,jnus1v3a,FastSACPro_h1hand-balance_hard-v0__FastDSACT_evalhb_hard_ablation_wodem__888,1
190000,365.70623779296875,h1hand-balance_hard-v0,888,jnus1v3a,FastSACPro_h1hand-balance_hard-v0__FastDSACT_evalhb_hard_ablation_wodem__888,1
200000,321.098388671875,h1hand-balance_hard-v0,888,jnus1v3a,FastSACPro_h1hand-balance_hard-v0__FastDSACT_evalhb_hard_ablation_wodem__888,1
10000,51.88023376464844,h1hand-balance_hard-v0,666,ofq9rxty,FastSACPro_h1hand-balance_hard-v0__FastDSACT_evalhb_hard_ablation_wodem__666,1
20000,61.33898162841797,h1hand-balance_hard-v0,666,ofq9rxty,FastSACPro_h1hand-balance_hard-v0__FastDSACT_evalhb_hard_ablation_wodem__666,1
30000,73.21040344238281,h1hand-balance_hard-v0,666,ofq9rxty,FastSACPro_h1hand-balance_hard-v0__FastDSACT_evalhb_hard_ablation_wodem__666,1
40000,99.68959045410156,h1hand-balance_hard-v0,666,ofq9rxty,FastSACPro_h1hand-balance_hard-v0__FastDSACT_evalhb_hard_ablation_wodem__666,1
50000,125.76898193359375,h1hand-balance_hard-v0,666,ofq9rxty,FastSACPro_h1hand-balance_hard-v0__FastDSACT_evalhb_hard_ablation_wodem__666,1
60000,137.736572265625,h1hand-balance_hard-v0,666,ofq9rxty,FastSACPro_h1hand-balance_hard-v0__FastDSACT_evalhb_hard_ablation_wodem__666,1
70000,222.4447479248047,h1hand-balance_hard-v0,666,ofq9rxty,FastSACPro_h1hand-balance_hard-v0__FastDSACT_evalhb_hard_ablation_wodem__666,1
80000,202.4712371826172,h1hand-balance_hard-v0,666,ofq9rxty,FastSACPro_h1hand-balance_hard-v0__FastDSACT_evalhb_hard_ablation_wodem__666,1
90000,261.31634521484375,h1hand-balance_hard-v0,666,ofq9rxty,FastSACPro_h1hand-balance_hard-v0__FastDSACT_evalhb_hard_ablation_wodem__666,1
100000,370.3150329589844,h1hand-balance_hard-v0,666,ofq9rxty,FastSACPro_h1hand-balance_hard-v0__FastDSACT_evalhb_hard_ablation_wodem__666,1
110000,421.187744140625,h1hand-balance_hard-v0,666,ofq9rxty,FastSACPro_h1hand-balance_hard-v0__FastDSACT_evalhb_hard_ablation_wodem__666,1
120000,265.7451171875,h1hand-balance_hard-v0,666,ofq9rxty,FastSACPro_h1hand-balance_hard-v0__FastDSACT_evalhb_hard_ablation_wodem__666,1
130000,381.37408447265625,h1hand-balance_hard-v0,666,ofq9rxty,FastSACPro_h1hand-balance_hard-v0__FastDSACT_evalhb_hard_ablation_wodem__666,1
140000,404.5888671875,h1hand-balance_hard-v0,666,ofq9rxty,FastSACPro_h1hand-balance_hard-v0__FastDSACT_evalhb_hard_ablation_wodem__666,1
150000,347.1419982910156,h1hand-balance_hard-v0,666,ofq9rxty,FastSACPro_h1hand-balance_hard-v0__FastDSACT_evalhb_hard_ablation_wodem__666,1
160000,493.2933654785156,h1hand-balance_hard-v0,666,ofq9rxty,FastSACPro_h1hand-balance_hard-v0__FastDSACT_evalhb_hard_ablation_wodem__666,1
170000,358.6384582519531,h1hand-balance_hard-v0,666,ofq9rxty,FastSACPro_h1hand-balance_hard-v0__FastDSACT_evalhb_hard_ablation_wodem__666,1
180000,308.2308349609375,h1hand-balance_hard-v0,666,ofq9rxty,FastSACPro_h1hand-balance_hard-v0__FastDSACT_evalhb_hard_ablation_wodem__666,1
190000,367.7078857421875,h1hand-balance_hard-v0,666,ofq9rxty,FastSACPro_h1hand-balance_hard-v0__FastDSACT_evalhb_hard_ablation_wodem__666,1
200000,581.4132080078125,h1hand-balance_hard-v0,666,ofq9rxty,FastSACPro_h1hand-balance_hard-v0__FastDSACT_evalhb_hard_ablation_wodem__666,1
210000,391.7939147949219,h1hand-balance_hard-v0,666,ofq9rxty,FastSACPro_h1hand-balance_hard-v0__FastDSACT_evalhb_hard_ablation_wodem__666,1
220000,297.14617919921875,h1hand-balance_hard-v0,666,ofq9rxty,FastSACPro_h1hand-balance_hard-v0__FastDSACT_evalhb_hard_ablation_wodem__666,1
230000,515.4900512695312,h1hand-balance_hard-v0,666,ofq9rxty,FastSACPro_h1hand-balance_hard-v0__FastDSACT_evalhb_hard_ablation_wodem__666,1
240000,447.3774108886719,h1hand-balance_hard-v0,666,ofq9rxty,FastSACPro_h1hand-balance_hard-v0__FastDSACT_evalhb_hard_ablation_wodem__666,1
250000,408.9727783203125,h1hand-balance_hard-v0,666,ofq9rxty,FastSACPro_h1hand-balance_hard-v0__FastDSACT_evalhb_hard_ablation_wodem__666,1
260000,453.3194580078125,h1hand-balance_hard-v0,666,ofq9rxty,FastSACPro_h1hand-balance_hard-v0__FastDSACT_evalhb_hard_ablation_wodem__666,1
270000,316.06658935546875,h1hand-balance_hard-v0,666,ofq9rxty,FastSACPro_h1hand-balance_hard-v0__FastDSACT_evalhb_hard_ablation_wodem__666,1
280000,438.756591796875,h1hand-balance_hard-v0,666,ofq9rxty,FastSACPro_h1hand-balance_hard-v0__FastDSACT_evalhb_hard_ablation_wodem__666,1
290000,317.894775390625,h1hand-balance_hard-v0,666,ofq9rxty,FastSACPro_h1hand-balance_hard-v0__FastDSACT_evalhb_hard_ablation_wodem__666,1
10000,46.04621124267578,h1hand-balance_hard-v0,888,wr86ov50,FastSACPro_h1hand-balance_hard-v0__FastDSACT_evalhb_hard_ablation_wodem__888,1
20000,54.787879943847656,h1hand-balance_hard-v0,888,wr86ov50,FastSACPro_h1hand-balance_hard-v0__FastDSACT_evalhb_hard_ablation_wodem__888,1
30000,80.95135498046875,h1hand-balance_hard-v0,888,wr86ov50,FastSACPro_h1hand-balance_hard-v0__FastDSACT_evalhb_hard_ablation_wodem__888,1
40000,88.99893188476562,h1hand-balance_hard-v0,888,wr86ov50,FastSACPro_h1hand-balance_hard-v0__FastDSACT_evalhb_hard_ablation_wodem__888,1
50000,115.48785400390625,h1hand-balance_hard-v0,888,wr86ov50,FastSACPro_h1hand-balance_hard-v0__FastDSACT_evalhb_hard_ablation_wodem__888,1
60000,141.772216796875,h1hand-balance_hard-v0,888,wr86ov50,FastSACPro_h1hand-balance_hard-v0__FastDSACT_evalhb_hard_ablation_wodem__888,1
70000,165.18154907226562,h1hand-balance_hard-v0,888,wr86ov50,FastSACPro_h1hand-balance_hard-v0__FastDSACT_evalhb_hard_ablation_wodem__888,1
80000,210.16119384765625,h1hand-balance_hard-v0,888,wr86ov50,FastSACPro_h1hand-balance_hard-v0__FastDSACT_evalhb_hard_ablation_wodem__888,1
90000,317.82269287109375,h1hand-balance_hard-v0,888,wr86ov50,FastSACPro_h1hand-balance_hard-v0__FastDSACT_evalhb_hard_ablation_wodem__888,1
100000,385.4052734375,h1hand-balance_hard-v0,888,wr86ov50,FastSACPro_h1hand-balance_hard-v0__FastDSACT_evalhb_hard_ablation_wodem__888,1
110000,329.305419921875,h1hand-balance_hard-v0,888,wr86ov50,FastSACPro_h1hand-balance_hard-v0__FastDSACT_evalhb_hard_ablation_wodem__888,1
120000,467.77398681640625,h1hand-balance_hard-v0,888,wr86ov50,FastSACPro_h1hand-balance_hard-v0__FastDSACT_evalhb_hard_ablation_wodem__888,1
130000,293.94561767578125,h1hand-balance_hard-v0,888,wr86ov50,FastSACPro_h1hand-balance_hard-v0__FastDSACT_evalhb_hard_ablation_wodem__888,1
140000,454.8484191894531,h1hand-balance_hard-v0,888,wr86ov50,FastSACPro_h1hand-balance_hard-v0__FastDSACT_evalhb_hard_ablation_wodem__888,1
150000,329.24017333984375,h1hand-balance_hard-v0,888,wr86ov50,FastSACPro_h1hand-balance_hard-v0__FastDSACT_evalhb_hard_ablation_wodem__888,1
160000,277.3424072265625,h1hand-balance_hard-v0,888,wr86ov50,FastSACPro_h1hand-balance_hard-v0__FastDSACT_evalhb_hard_ablation_wodem__888,1
170000,472.442138671875,h1hand-balance_hard-v0,888,wr86ov50,FastSACPro_h1hand-balance_hard-v0__FastDSACT_evalhb_hard_ablation_wodem__888,1
180000,279.58258056640625,h1hand-balance_hard-v0,888,wr86ov50,FastSACPro_h1hand-balance_hard-v0__FastDSACT_evalhb_hard_ablation_wodem__888,1
190000,333.187744140625,h1hand-balance_hard-v0,888,wr86ov50,FastSACPro_h1hand-balance_hard-v0__FastDSACT_evalhb_hard_ablation_wodem__888,1
200000,267.598876953125,h1hand-balance_hard-v0,888,wr86ov50,FastSACPro_h1hand-balance_hard-v0__FastDSACT_evalhb_hard_ablation_wodem__888,1
210000,462.41070556640625,h1hand-balance_hard-v0,888,wr86ov50,FastSACPro_h1hand-balance_hard-v0__FastDSACT_evalhb_hard_ablation_wodem__888,1
220000,434.0584411621094,h1hand-balance_hard-v0,888,wr86ov50,FastSACPro_h1hand-balance_hard-v0__FastDSACT_evalhb_hard_ablation_wodem__888,1
230000,360.6615295410156,h1hand-balance_hard-v0,888,wr86ov50,FastSACPro_h1hand-balance_hard-v0__FastDSACT_evalhb_hard_ablation_wodem__888,1
240000,293.39849853515625,h1hand-balance_hard-v0,888,wr86ov50,FastSACPro_h1hand-balance_hard-v0__FastDSACT_evalhb_hard_ablation_wodem__888,1
250000,447.63433837890625,h1hand-balance_hard-v0,888,wr86ov50,FastSACPro_h1hand-balance_hard-v0__FastDSACT_evalhb_hard_ablation_wodem__888,1
260000,403.31829833984375,h1hand-balance_hard-v0,888,wr86ov50,FastSACPro_h1hand-balance_hard-v0__FastDSACT_evalhb_hard_ablation_wodem__888,1
270000,348.9032897949219,h1hand-balance_hard-v0,888,wr86ov50,FastSACPro_h1hand-balance_hard-v0__FastDSACT_evalhb_hard_ablation_wodem__888,1
280000,595.6851196289062,h1hand-balance_hard-v0,888,wr86ov50,FastSACPro_h1hand-balance_hard-v0__FastDSACT_evalhb_hard_ablation_wodem__888,1
290000,185.5870361328125,h1hand-balance_hard-v0,888,wr86ov50,FastSACPro_h1hand-balance_hard-v0__FastDSACT_evalhb_hard_ablation_wodem__888,1
300000,251.28660583496094,h1hand-balance_hard-v0,888,wr86ov50,FastSACPro_h1hand-balance_hard-v0__FastDSACT_evalhb_hard_ablation_wodem__888,1
10000,29.159629821777344,h1hand-balance_hard-v0,777,qaremtyv,FastSACPro_h1hand-balance_hard-v0__FastDSACT_evalhb_hard_ablation_wodem__777,1
20000,63.34808349609375,h1hand-balance_hard-v0,777,qaremtyv,FastSACPro_h1hand-balance_hard-v0__FastDSACT_evalhb_hard_ablation_wodem__777,1
30000,64.13005065917969,h1hand-balance_hard-v0,777,qaremtyv,FastSACPro_h1hand-balance_hard-v0__FastDSACT_evalhb_hard_ablation_wodem__777,1
40000,75.95841979980469,h1hand-balance_hard-v0,777,qaremtyv,FastSACPro_h1hand-balance_hard-v0__FastDSACT_evalhb_hard_ablation_wodem__777,1
50000,104.93399047851562,h1hand-balance_hard-v0,777,qaremtyv,FastSACPro_h1hand-balance_hard-v0__FastDSACT_evalhb_hard_ablation_wodem__777,1
60000,119.3389892578125,h1hand-balance_hard-v0,777,qaremtyv,FastSACPro_h1hand-balance_hard-v0__FastDSACT_evalhb_hard_ablation_wodem__777,1
70000,183.7384490966797,h1hand-balance_hard-v0,777,qaremtyv,FastSACPro_h1hand-balance_hard-v0__FastDSACT_evalhb_hard_ablation_wodem__777,1
80000,178.89923095703125,h1hand-balance_hard-v0,777,qaremtyv,FastSACPro_h1hand-balance_hard-v0__FastDSACT_evalhb_hard_ablation_wodem__777,1
90000,295.704833984375,h1hand-balance_hard-v0,777,qaremtyv,FastSACPro_h1hand-balance_hard-v0__FastDSACT_evalhb_hard_ablation_wodem__777,1
100000,341.49896240234375,h1hand-balance_hard-v0,777,qaremtyv,FastSACPro_h1hand-balance_hard-v0__FastDSACT_evalhb_hard_ablation_wodem__777,1
110000,340.1708984375,h1hand-balance_hard-v0,777,qaremtyv,FastSACPro_h1hand-balance_hard-v0__FastDSACT_evalhb_hard_ablation_wodem__777,1
120000,347.1866149902344,h1hand-balance_hard-v0,777,qaremtyv,FastSACPro_h1hand-balance_hard-v0__FastDSACT_evalhb_hard_ablation_wodem__777,1
130000,298.20599365234375,h1hand-balance_hard-v0,777,qaremtyv,FastSACPro_h1hand-balance_hard-v0__FastDSACT_evalhb_hard_ablation_wodem__777,1
140000,336.531982421875,h1hand-balance_hard-v0,777,qaremtyv,FastSACPro_h1hand-balance_hard-v0__FastDSACT_evalhb_hard_ablation_wodem__777,1
150000,327.9293212890625,h1hand-balance_hard-v0,777,qaremtyv,FastSACPro_h1hand-balance_hard-v0__FastDSACT_evalhb_hard_ablation_wodem__777,1
160000,293.28582763671875,h1hand-balance_hard-v0,777,qaremtyv,FastSACPro_h1hand-balance_hard-v0__FastDSACT_evalhb_hard_ablation_wodem__777,1
170000,356.0389404296875,h1hand-balance_hard-v0,777,qaremtyv,FastSACPro_h1hand-balance_hard-v0__FastDSACT_evalhb_hard_ablation_wodem__777,1
180000,449.73675537109375,h1hand-balance_hard-v0,777,qaremtyv,FastSACPro_h1hand-balance_hard-v0__FastDSACT_evalhb_hard_ablation_wodem__777,1
190000,416.980224609375,h1hand-balance_hard-v0,777,qaremtyv,FastSACPro_h1hand-balance_hard-v0__FastDSACT_evalhb_hard_ablation_wodem__777,1
200000,386.2323303222656,h1hand-balance_hard-v0,777,qaremtyv,FastSACPro_h1hand-balance_hard-v0__FastDSACT_evalhb_hard_ablation_wodem__777,1
210000,500.9909973144531,h1hand-balance_hard-v0,777,qaremtyv,FastSACPro_h1hand-balance_hard-v0__FastDSACT_evalhb_hard_ablation_wodem__777,1
220000,409.48828125,h1hand-balance_hard-v0,777,qaremtyv,FastSACPro_h1hand-balance_hard-v0__FastDSACT_evalhb_hard_ablation_wodem__777,1
230000,298.5582275390625,h1hand-balance_hard-v0,777,qaremtyv,FastSACPro_h1hand-balance_hard-v0__FastDSACT_evalhb_hard_ablation_wodem__777,1
240000,409.80267333984375,h1hand-balance_hard-v0,777,qaremtyv,FastSACPro_h1hand-balance_hard-v0__FastDSACT_evalhb_hard_ablation_wodem__777,1
250000,398.40765380859375,h1hand-balance_hard-v0,777,qaremtyv,FastSACPro_h1hand-balance_hard-v0__FastDSACT_evalhb_hard_ablation_wodem__777,1
260000,365.4169921875,h1hand-balance_hard-v0,777,qaremtyv,FastSACPro_h1hand-balance_hard-v0__FastDSACT_evalhb_hard_ablation_wodem__777,1
270000,283.19061279296875,h1hand-balance_hard-v0,777,qaremtyv,FastSACPro_h1hand-balance_hard-v0__FastDSACT_evalhb_hard_ablation_wodem__777,1
280000,351.1931457519531,h1hand-balance_hard-v0,777,qaremtyv,FastSACPro_h1hand-balance_hard-v0__FastDSACT_evalhb_hard_ablation_wodem__777,1
290000,309.5940856933594,h1hand-balance_hard-v0,777,qaremtyv,FastSACPro_h1hand-balance_hard-v0__FastDSACT_evalhb_hard_ablation_wodem__777,1
300000,422.0770263671875,h1hand-balance_hard-v0,777,qaremtyv,FastSACPro_h1hand-balance_hard-v0__FastDSACT_evalhb_hard_ablation_wodem__777,1
10000,14.895816802978516,h1hand-basketball-v0,666,ktbfuyk2,FastSACPro_h1hand-basketball-v0__FastDSACT_evalhb_hard_ablation_wodem__666,1
20000,16.226234436035156,h1hand-basketball-v0,666,ktbfuyk2,FastSACPro_h1hand-basketball-v0__FastDSACT_evalhb_hard_ablation_wodem__666,1
30000,19.557140350341797,h1hand-basketball-v0,666,ktbfuyk2,FastSACPro_h1hand-basketball-v0__FastDSACT_evalhb_hard_ablation_wodem__666,1
40000,18.547260284423828,h1hand-basketball-v0,666,ktbfuyk2,FastSACPro_h1hand-basketball-v0__FastDSACT_evalhb_hard_ablation_wodem__666,1
50000,25.34270477294922,h1hand-basketball-v0,666,ktbfuyk2,FastSACPro_h1hand-basketball-v0__FastDSACT_evalhb_hard_ablation_wodem__666,1
60000,29.70081329345703,h1hand-basketball-v0,666,ktbfuyk2,FastSACPro_h1hand-basketball-v0__FastDSACT_evalhb_hard_ablation_wodem__666,1
70000,29.089092254638672,h1hand-basketball-v0,666,ktbfuyk2,FastSACPro_h1hand-basketball-v0__FastDSACT_evalhb_hard_ablation_wodem__666,1
80000,26.717819213867188,h1hand-basketball-v0,666,ktbfuyk2,FastSACPro_h1hand-basketball-v0__FastDSACT_evalhb_hard_ablation_wodem__666,1
90000,30.057117462158203,h1hand-basketball-v0,666,ktbfuyk2,FastSACPro_h1hand-basketball-v0__FastDSACT_evalhb_hard_ablation_wodem__666,1
100000,30.7315673828125,h1hand-basketball-v0,666,ktbfuyk2,FastSACPro_h1hand-basketball-v0__FastDSACT_evalhb_hard_ablation_wodem__666,1
110000,29.532024383544922,h1hand-basketball-v0,666,ktbfuyk2,FastSACPro_h1hand-basketball-v0__FastDSACT_evalhb_hard_ablation_wodem__666,1
120000,31.803937911987305,h1hand-basketball-v0,666,ktbfuyk2,FastSACPro_h1hand-basketball-v0__FastDSACT_evalhb_hard_ablation_wodem__666,1
130000,25.25287437438965,h1hand-basketball-v0,666,ktbfuyk2,FastSACPro_h1hand-basketball-v0__FastDSACT_evalhb_hard_ablation_wodem__666,1
140000,27.391908645629883,h1hand-basketball-v0,666,ktbfuyk2,FastSACPro_h1hand-basketball-v0__FastDSACT_evalhb_hard_ablation_wodem__666,1
150000,26.456418991088867,h1hand-basketball-v0,666,ktbfuyk2,FastSACPro_h1hand-basketball-v0__FastDSACT_evalhb_hard_ablation_wodem__666,1
160000,28.68222999572754,h1hand-basketball-v0,666,ktbfuyk2,FastSACPro_h1hand-basketball-v0__FastDSACT_evalhb_hard_ablation_wodem__666,1
170000,24.300857543945312,h1hand-basketball-v0,666,ktbfuyk2,FastSACPro_h1hand-basketball-v0__FastDSACT_evalhb_hard_ablation_wodem__666,1
180000,36.45252990722656,h1hand-basketball-v0,666,ktbfuyk2,FastSACPro_h1hand-basketball-v0__FastDSACT_evalhb_hard_ablation_wodem__666,1
190000,38.947906494140625,h1hand-basketball-v0,666,ktbfuyk2,FastSACPro_h1hand-basketball-v0__FastDSACT_evalhb_hard_ablation_wodem__666,1
200000,38.45368957519531,h1hand-basketball-v0,666,ktbfuyk2,FastSACPro_h1hand-basketball-v0__FastDSACT_evalhb_hard_ablation_wodem__666,1
210000,43.6469612121582,h1hand-basketball-v0,666,ktbfuyk2,FastSACPro_h1hand-basketball-v0__FastDSACT_evalhb_hard_ablation_wodem__666,1
220000,23.868221282958984,h1hand-basketball-v0,666,ktbfuyk2,FastSACPro_h1hand-basketball-v0__FastDSACT_evalhb_hard_ablation_wodem__666,1
230000,27.568883895874023,h1hand-basketball-v0,666,ktbfuyk2,FastSACPro_h1hand-basketball-v0__FastDSACT_evalhb_hard_ablation_wodem__666,1
240000,47.462120056152344,h1hand-basketball-v0,666,ktbfuyk2,FastSACPro_h1hand-basketball-v0__FastDSACT_evalhb_hard_ablation_wodem__666,1
250000,37.146385192871094,h1hand-basketball-v0,666,ktbfuyk2,FastSACPro_h1hand-basketball-v0__FastDSACT_evalhb_hard_ablation_wodem__666,1
10000,13.810347557067871,h1hand-basketball-v0,777,j76sxt6e,FastSACPro_h1hand-basketball-v0__FastDSACT_evalhb_hard_ablation_wodem__777,1
20000,15.380165100097656,h1hand-basketball-v0,777,j76sxt6e,FastSACPro_h1hand-basketball-v0__FastDSACT_evalhb_hard_ablation_wodem__777,1
30000,17.196924209594727,h1hand-basketball-v0,777,j76sxt6e,FastSACPro_h1hand-basketball-v0__FastDSACT_evalhb_hard_ablation_wodem__777,1
40000,21.29967498779297,h1hand-basketball-v0,777,j76sxt6e,FastSACPro_h1hand-basketball-v0__FastDSACT_evalhb_hard_ablation_wodem__777,1
50000,26.132232666015625,h1hand-basketball-v0,777,j76sxt6e,FastSACPro_h1hand-basketball-v0__FastDSACT_evalhb_hard_ablation_wodem__777,1
60000,25.560195922851562,h1hand-basketball-v0,777,j76sxt6e,FastSACPro_h1hand-basketball-v0__FastDSACT_evalhb_hard_ablation_wodem__777,1
70000,20.93027114868164,h1hand-basketball-v0,777,j76sxt6e,FastSACPro_h1hand-basketball-v0__FastDSACT_evalhb_hard_ablation_wodem__777,1
80000,27.536094665527344,h1hand-basketball-v0,777,j76sxt6e,FastSACPro_h1hand-basketball-v0__FastDSACT_evalhb_hard_ablation_wodem__777,1
90000,29.785137176513672,h1hand-basketball-v0,777,j76sxt6e,FastSACPro_h1hand-basketball-v0__FastDSACT_evalhb_hard_ablation_wodem__777,1
100000,29.450748443603516,h1hand-basketball-v0,777,j76sxt6e,FastSACPro_h1hand-basketball-v0__FastDSACT_evalhb_hard_ablation_wodem__777,1
110000,30.057043075561523,h1hand-basketball-v0,777,j76sxt6e,FastSACPro_h1hand-basketball-v0__FastDSACT_evalhb_hard_ablation_wodem__777,1
120000,34.255523681640625,h1hand-basketball-v0,777,j76sxt6e,FastSACPro_h1hand-basketball-v0__FastDSACT_evalhb_hard_ablation_wodem__777,1
130000,31.69822120666504,h1hand-basketball-v0,777,j76sxt6e,FastSACPro_h1hand-basketball-v0__FastDSACT_evalhb_hard_ablation_wodem__777,1
140000,31.67593765258789,h1hand-basketball-v0,777,j76sxt6e,FastSACPro_h1hand-basketball-v0__FastDSACT_evalhb_hard_ablation_wodem__777,1
150000,41.423912048339844,h1hand-basketball-v0,777,j76sxt6e,FastSACPro_h1hand-basketball-v0__FastDSACT_evalhb_hard_ablation_wodem__777,1
160000,38.54689025878906,h1hand-basketball-v0,777,j76sxt6e,FastSACPro_h1hand-basketball-v0__FastDSACT_evalhb_hard_ablation_wodem__777,1
170000,35.18946075439453,h1hand-basketball-v0,777,j76sxt6e,FastSACPro_h1hand-basketball-v0__FastDSACT_evalhb_hard_ablation_wodem__777,1
180000,54.3817024230957,h1hand-basketball-v0,777,j76sxt6e,FastSACPro_h1hand-basketball-v0__FastDSACT_evalhb_hard_ablation_wodem__777,1
190000,35.14765930175781,h1hand-basketball-v0,777,j76sxt6e,FastSACPro_h1hand-basketball-v0__FastDSACT_evalhb_hard_ablation_wodem__777,1
200000,65.17500305175781,h1hand-basketball-v0,777,j76sxt6e,FastSACPro_h1hand-basketball-v0__FastDSACT_evalhb_hard_ablation_wodem__777,1
210000,85.968994140625,h1hand-basketball-v0,777,j76sxt6e,FastSACPro_h1hand-basketball-v0__FastDSACT_evalhb_hard_ablation_wodem__777,1
220000,73.55288696289062,h1hand-basketball-v0,777,j76sxt6e,FastSACPro_h1hand-basketball-v0__FastDSACT_evalhb_hard_ablation_wodem__777,1
230000,138.28152465820312,h1hand-basketball-v0,777,j76sxt6e,FastSACPro_h1hand-basketball-v0__FastDSACT_evalhb_hard_ablation_wodem__777,1
240000,33.95648193359375,h1hand-basketball-v0,777,j76sxt6e,FastSACPro_h1hand-basketball-v0__FastDSACT_evalhb_hard_ablation_wodem__777,1
250000,31.080791473388672,h1hand-basketball-v0,777,j76sxt6e,FastSACPro_h1hand-basketball-v0__FastDSACT_evalhb_hard_ablation_wodem__777,1
5000,44.4410514831543,Isaac-Repose-Cube-Allegro-Direct-v0,777,bwptqx0t,FastSACPro_Isaac-Repose-Cube-Allegro-Direct-v0__FastDSACT_evalil_hard_ablation_wodem__777,1
10000,220.4117889404297,Isaac-Repose-Cube-Allegro-Direct-v0,777,bwptqx0t,FastSACPro_Isaac-Repose-Cube-Allegro-Direct-v0__FastDSACT_evalil_hard_ablation_wodem__777,1
15000,1384.12109375,Isaac-Repose-Cube-Allegro-Direct-v0,777,bwptqx0t,FastSACPro_Isaac-Repose-Cube-Allegro-Direct-v0__FastDSACT_evalil_hard_ablation_wodem__777,1
20000,2727.386962890625,Isaac-Repose-Cube-Allegro-Direct-v0,777,bwptqx0t,FastSACPro_Isaac-Repose-Cube-Allegro-Direct-v0__FastDSACT_evalil_hard_ablation_wodem__777,1
25000,3730.657958984375,Isaac-Repose-Cube-Allegro-Direct-v0,777,bwptqx0t,FastSACPro_Isaac-Repose-Cube-Allegro-Direct-v0__FastDSACT_evalil_hard_ablation_wodem__777,1
30000,4298.125,Isaac-Repose-Cube-Allegro-Direct-v0,777,bwptqx0t,FastSACPro_Isaac-Repose-Cube-Allegro-Direct-v0__FastDSACT_evalil_hard_ablation_wodem__777,1
35000,4702.55126953125,Isaac-Repose-Cube-Allegro-Direct-v0,777,bwptqx0t,FastSACPro_Isaac-Repose-Cube-Allegro-Direct-v0__FastDSACT_evalil_hard_ablation_wodem__777,1
40000,5011.8291015625,Isaac-Repose-Cube-Allegro-Direct-v0,777,bwptqx0t,FastSACPro_Isaac-Repose-Cube-Allegro-Direct-v0__FastDSACT_evalil_hard_ablation_wodem__777,1
45000,5240.72998046875,Isaac-Repose-Cube-Allegro-Direct-v0,777,bwptqx0t,FastSACPro_Isaac-Repose-Cube-Allegro-Direct-v0__FastDSACT_evalil_hard_ablation_wodem__777,1
50000,5361.5859375,Isaac-Repose-Cube-Allegro-Direct-v0,777,bwptqx0t,FastSACPro_Isaac-Repose-Cube-Allegro-Direct-v0__FastDSACT_evalil_hard_ablation_wodem__777,1
55000,5520.59375,Isaac-Repose-Cube-Allegro-Direct-v0,777,bwptqx0t,FastSACPro_Isaac-Repose-Cube-Allegro-Direct-v0__FastDSACT_evalil_hard_ablation_wodem__777,1
60000,5612.3330078125,Isaac-Repose-Cube-Allegro-Direct-v0,777,bwptqx0t,FastSACPro_Isaac-Repose-Cube-Allegro-Direct-v0__FastDSACT_evalil_hard_ablation_wodem__777,1
65000,5735.494140625,Isaac-Repose-Cube-Allegro-Direct-v0,777,bwptqx0t,FastSACPro_Isaac-Repose-Cube-Allegro-Direct-v0__FastDSACT_evalil_hard_ablation_wodem__777,1
70000,5814.5888671875,Isaac-Repose-Cube-Allegro-Direct-v0,777,bwptqx0t,FastSACPro_Isaac-Repose-Cube-Allegro-Direct-v0__FastDSACT_evalil_hard_ablation_wodem__777,1
75000,5858.33642578125,Isaac-Repose-Cube-Allegro-Direct-v0,777,bwptqx0t,FastSACPro_Isaac-Repose-Cube-Allegro-Direct-v0__FastDSACT_evalil_hard_ablation_wodem__777,1
80000,5894.34765625,Isaac-Repose-Cube-Allegro-Direct-v0,777,bwptqx0t,FastSACPro_Isaac-Repose-Cube-Allegro-Direct-v0__FastDSACT_evalil_hard_ablation_wodem__777,1
85000,6049.6884765625,Isaac-Repose-Cube-Allegro-Direct-v0,777,bwptqx0t,FastSACPro_Isaac-Repose-Cube-Allegro-Direct-v0__FastDSACT_evalil_hard_ablation_wodem__777,1
90000,6104.20849609375,Isaac-Repose-Cube-Allegro-Direct-v0,777,bwptqx0t,FastSACPro_Isaac-Repose-Cube-Allegro-Direct-v0__FastDSACT_evalil_hard_ablation_wodem__777,1
95000,6091.95751953125,Isaac-Repose-Cube-Allegro-Direct-v0,777,bwptqx0t,FastSACPro_Isaac-Repose-Cube-Allegro-Direct-v0__FastDSACT_evalil_hard_ablation_wodem__777,1
100000,6226.3076171875,Isaac-Repose-Cube-Allegro-Direct-v0,777,bwptqx0t,FastSACPro_Isaac-Repose-Cube-Allegro-Direct-v0__FastDSACT_evalil_hard_ablation_wodem__777,1
105000,6282.0888671875,Isaac-Repose-Cube-Allegro-Direct-v0,777,bwptqx0t,FastSACPro_Isaac-Repose-Cube-Allegro-Direct-v0__FastDSACT_evalil_hard_ablation_wodem__777,1
110000,6287.0390625,Isaac-Repose-Cube-Allegro-Direct-v0,777,bwptqx0t,FastSACPro_Isaac-Repose-Cube-Allegro-Direct-v0__FastDSACT_evalil_hard_ablation_wodem__777,1
115000,6355.68359375,Isaac-Repose-Cube-Allegro-Direct-v0,777,bwptqx0t,FastSACPro_Isaac-Repose-Cube-Allegro-Direct-v0__FastDSACT_evalil_hard_ablation_wodem__777,1
120000,6378.9521484375,Isaac-Repose-Cube-Allegro-Direct-v0,777,bwptqx0t,FastSACPro_Isaac-Repose-Cube-Allegro-Direct-v0__FastDSACT_evalil_hard_ablation_wodem__777,1
125000,6386.5048828125,Isaac-Repose-Cube-Allegro-Direct-v0,777,bwptqx0t,FastSACPro_Isaac-Repose-Cube-Allegro-Direct-v0__FastDSACT_evalil_hard_ablation_wodem__777,1
130000,6434.13037109375,Isaac-Repose-Cube-Allegro-Direct-v0,777,bwptqx0t,FastSACPro_Isaac-Repose-Cube-Allegro-Direct-v0__FastDSACT_evalil_hard_ablation_wodem__777,1
135000,6448.0732421875,Isaac-Repose-Cube-Allegro-Direct-v0,777,bwptqx0t,FastSACPro_Isaac-Repose-Cube-Allegro-Direct-v0__FastDSACT_evalil_hard_ablation_wodem__777,1
140000,6551.0439453125,Isaac-Repose-Cube-Allegro-Direct-v0,777,bwptqx0t,FastSACPro_Isaac-Repose-Cube-Allegro-Direct-v0__FastDSACT_evalil_hard_ablation_wodem__777,1
145000,6565.82177734375,Isaac-Repose-Cube-Allegro-Direct-v0,777,bwptqx0t,FastSACPro_Isaac-Repose-Cube-Allegro-Direct-v0__FastDSACT_evalil_hard_ablation_wodem__777,1
150000,6559.3994140625,Isaac-Repose-Cube-Allegro-Direct-v0,777,bwptqx0t,FastSACPro_Isaac-Repose-Cube-Allegro-Direct-v0__FastDSACT_evalil_hard_ablation_wodem__777,1
155000,6549.6181640625,Isaac-Repose-Cube-Allegro-Direct-v0,777,bwptqx0t,FastSACPro_Isaac-Repose-Cube-Allegro-Direct-v0__FastDSACT_evalil_hard_ablation_wodem__777,1
5000,51.590110778808594,Isaac-Repose-Cube-Allegro-Direct-v0,666,z88s1yp1,FastSACPro_Isaac-Repose-Cube-Allegro-Direct-v0__FastDSACT_evalil_hard_ablation_wodem__666,1
10000,575.0365600585938,Isaac-Repose-Cube-Allegro-Direct-v0,666,z88s1yp1,FastSACPro_Isaac-Repose-Cube-Allegro-Direct-v0__FastDSACT_evalil_hard_ablation_wodem__666,1
15000,1931.18359375,Isaac-Repose-Cube-Allegro-Direct-v0,666,z88s1yp1,FastSACPro_Isaac-Repose-Cube-Allegro-Direct-v0__FastDSACT_evalil_hard_ablation_wodem__666,1
20000,3072.029296875,Isaac-Repose-Cube-Allegro-Direct-v0,666,z88s1yp1,FastSACPro_Isaac-Repose-Cube-Allegro-Direct-v0__FastDSACT_evalil_hard_ablation_wodem__666,1
25000,3806.54296875,Isaac-Repose-Cube-Allegro-Direct-v0,666,z88s1yp1,FastSACPro_Isaac-Repose-Cube-Allegro-Direct-v0__FastDSACT_evalil_hard_ablation_wodem__666,1
30000,4292.82666015625,Isaac-Repose-Cube-Allegro-Direct-v0,666,z88s1yp1,FastSACPro_Isaac-Repose-Cube-Allegro-Direct-v0__FastDSACT_evalil_hard_ablation_wodem__666,1
35000,4668.80615234375,Isaac-Repose-Cube-Allegro-Direct-v0,666,z88s1yp1,FastSACPro_Isaac-Repose-Cube-Allegro-Direct-v0__FastDSACT_evalil_hard_ablation_wodem__666,1
40000,4932.6015625,Isaac-Repose-Cube-Allegro-Direct-v0,666,z88s1yp1,FastSACPro_Isaac-Repose-Cube-Allegro-Direct-v0__FastDSACT_evalil_hard_ablation_wodem__666,1
45000,5205.6318359375,Isaac-Repose-Cube-Allegro-Direct-v0,666,z88s1yp1,FastSACPro_Isaac-Repose-Cube-Allegro-Direct-v0__FastDSACT_evalil_hard_ablation_wodem__666,1
50000,5355.4794921875,Isaac-Repose-Cube-Allegro-Direct-v0,666,z88s1yp1,FastSACPro_Isaac-Repose-Cube-Allegro-Direct-v0__FastDSACT_evalil_hard_ablation_wodem__666,1
55000,5447.755859375,Isaac-Repose-Cube-Allegro-Direct-v0,666,z88s1yp1,FastSACPro_Isaac-Repose-Cube-Allegro-Direct-v0__FastDSACT_evalil_hard_ablation_wodem__666,1
60000,5609.77783203125,Isaac-Repose-Cube-Allegro-Direct-v0,666,z88s1yp1,FastSACPro_Isaac-Repose-Cube-Allegro-Direct-v0__FastDSACT_evalil_hard_ablation_wodem__666,1
65000,5702.44580078125,Isaac-Repose-Cube-Allegro-Direct-v0,666,z88s1yp1,FastSACPro_Isaac-Repose-Cube-Allegro-Direct-v0__FastDSACT_evalil_hard_ablation_wodem__666,1
70000,5831.73046875,Isaac-Repose-Cube-Allegro-Direct-v0,666,z88s1yp1,FastSACPro_Isaac-Repose-Cube-Allegro-Direct-v0__FastDSACT_evalil_hard_ablation_wodem__666,1
75000,5874.57763671875,Isaac-Repose-Cube-Allegro-Direct-v0,666,z88s1yp1,FastSACPro_Isaac-Repose-Cube-Allegro-Direct-v0__FastDSACT_evalil_hard_ablation_wodem__666,1
80000,5936.9482421875,Isaac-Repose-Cube-Allegro-Direct-v0,666,z88s1yp1,FastSACPro_Isaac-Repose-Cube-Allegro-Direct-v0__FastDSACT_evalil_hard_ablation_wodem__666,1
85000,6001.9375,Isaac-Repose-Cube-Allegro-Direct-v0,666,z88s1yp1,FastSACPro_Isaac-Repose-Cube-Allegro-Direct-v0__FastDSACT_evalil_hard_ablation_wodem__666,1
90000,6093.0166015625,Isaac-Repose-Cube-Allegro-Direct-v0,666,z88s1yp1,FastSACPro_Isaac-Repose-Cube-Allegro-Direct-v0__FastDSACT_evalil_hard_ablation_wodem__666,1
95000,6186.4716796875,Isaac-Repose-Cube-Allegro-Direct-v0,666,z88s1yp1,FastSACPro_Isaac-Repose-Cube-Allegro-Direct-v0__FastDSACT_evalil_hard_ablation_wodem__666,1
100000,6243.205078125,Isaac-Repose-Cube-Allegro-Direct-v0,666,z88s1yp1,FastSACPro_Isaac-Repose-Cube-Allegro-Direct-v0__FastDSACT_evalil_hard_ablation_wodem__666,1
105000,6294.9130859375,Isaac-Repose-Cube-Allegro-Direct-v0,666,z88s1yp1,FastSACPro_Isaac-Repose-Cube-Allegro-Direct-v0__FastDSACT_evalil_hard_ablation_wodem__666,1
110000,6348.90771484375,Isaac-Repose-Cube-Allegro-Direct-v0,666,z88s1yp1,FastSACPro_Isaac-Repose-Cube-Allegro-Direct-v0__FastDSACT_evalil_hard_ablation_wodem__666,1
115000,6385.3349609375,Isaac-Repose-Cube-Allegro-Direct-v0,666,z88s1yp1,FastSACPro_Isaac-Repose-Cube-Allegro-Direct-v0__FastDSACT_evalil_hard_ablation_wodem__666,1
120000,6413.2666015625,Isaac-Repose-Cube-Allegro-Direct-v0,666,z88s1yp1,FastSACPro_Isaac-Repose-Cube-Allegro-Direct-v0__FastDSACT_evalil_hard_ablation_wodem__666,1
125000,6482.4892578125,Isaac-Repose-Cube-Allegro-Direct-v0,666,z88s1yp1,FastSACPro_Isaac-Repose-Cube-Allegro-Direct-v0__FastDSACT_evalil_hard_ablation_wodem__666,1
130000,6530.642578125,Isaac-Repose-Cube-Allegro-Direct-v0,666,z88s1yp1,FastSACPro_Isaac-Repose-Cube-Allegro-Direct-v0__FastDSACT_evalil_hard_ablation_wodem__666,1
135000,6552.583984375,Isaac-Repose-Cube-Allegro-Direct-v0,666,z88s1yp1,FastSACPro_Isaac-Repose-Cube-Allegro-Direct-v0__FastDSACT_evalil_hard_ablation_wodem__666,1
140000,6632.595703125,Isaac-Repose-Cube-Allegro-Direct-v0,666,z88s1yp1,FastSACPro_Isaac-Repose-Cube-Allegro-Direct-v0__FastDSACT_evalil_hard_ablation_wodem__666,1
145000,6633.03173828125,Isaac-Repose-Cube-Allegro-Direct-v0,666,z88s1yp1,FastSACPro_Isaac-Repose-Cube-Allegro-Direct-v0__FastDSACT_evalil_hard_ablation_wodem__666,1
150000,6637.3203125,Isaac-Repose-Cube-Allegro-Direct-v0,666,z88s1yp1,FastSACPro_Isaac-Repose-Cube-Allegro-Direct-v0__FastDSACT_evalil_hard_ablation_wodem__666,1
155000,6764.8740234375,Isaac-Repose-Cube-Allegro-Direct-v0,666,z88s1yp1,FastSACPro_Isaac-Repose-Cube-Allegro-Direct-v0__FastDSACT_evalil_hard_ablation_wodem__666,1
5000,57.50550079345703,Isaac-Repose-Cube-Allegro-Direct-v0,888,1o2cuw9l,FastSACPro_Isaac-Repose-Cube-Allegro-Direct-v0__FastDSACT_evalil_hard_ablation_wodem__888,1
10000,343.999267578125,Isaac-Repose-Cube-Allegro-Direct-v0,888,1o2cuw9l,FastSACPro_Isaac-Repose-Cube-Allegro-Direct-v0__FastDSACT_evalil_hard_ablation_wodem__888,1
15000,1642.430419921875,Isaac-Repose-Cube-Allegro-Direct-v0,888,1o2cuw9l,FastSACPro_Isaac-Repose-Cube-Allegro-Direct-v0__FastDSACT_evalil_hard_ablation_wodem__888,1
20000,2908.3740234375,Isaac-Repose-Cube-Allegro-Direct-v0,888,1o2cuw9l,FastSACPro_Isaac-Repose-Cube-Allegro-Direct-v0__FastDSACT_evalil_hard_ablation_wodem__888,1
25000,3749.03173828125,Isaac-Repose-Cube-Allegro-Direct-v0,888,1o2cuw9l,FastSACPro_Isaac-Repose-Cube-Allegro-Direct-v0__FastDSACT_evalil_hard_ablation_wodem__888,1
30000,4300.443359375,Isaac-Repose-Cube-Allegro-Direct-v0,888,1o2cuw9l,FastSACPro_Isaac-Repose-Cube-Allegro-Direct-v0__FastDSACT_evalil_hard_ablation_wodem__888,1
35000,4641.15087890625,Isaac-Repose-Cube-Allegro-Direct-v0,888,1o2cuw9l,FastSACPro_Isaac-Repose-Cube-Allegro-Direct-v0__FastDSACT_evalil_hard_ablation_wodem__888,1
40000,4935.255859375,Isaac-Repose-Cube-Allegro-Direct-v0,888,1o2cuw9l,FastSACPro_Isaac-Repose-Cube-Allegro-Direct-v0__FastDSACT_evalil_hard_ablation_wodem__888,1
45000,5122.6806640625,Isaac-Repose-Cube-Allegro-Direct-v0,888,1o2cuw9l,FastSACPro_Isaac-Repose-Cube-Allegro-Direct-v0__FastDSACT_evalil_hard_ablation_wodem__888,1
50000,5245.09130859375,Isaac-Repose-Cube-Allegro-Direct-v0,888,1o2cuw9l,FastSACPro_Isaac-Repose-Cube-Allegro-Direct-v0__FastDSACT_evalil_hard_ablation_wodem__888,1
55000,5374.93994140625,Isaac-Repose-Cube-Allegro-Direct-v0,888,1o2cuw9l,FastSACPro_Isaac-Repose-Cube-Allegro-Direct-v0__FastDSACT_evalil_hard_ablation_wodem__888,1
60000,5545.33056640625,Isaac-Repose-Cube-Allegro-Direct-v0,888,1o2cuw9l,FastSACPro_Isaac-Repose-Cube-Allegro-Direct-v0__FastDSACT_evalil_hard_ablation_wodem__888,1
65000,5654.03125,Isaac-Repose-Cube-Allegro-Direct-v0,888,1o2cuw9l,FastSACPro_Isaac-Repose-Cube-Allegro-Direct-v0__FastDSACT_evalil_hard_ablation_wodem__888,1
70000,5709.7685546875,Isaac-Repose-Cube-Allegro-Direct-v0,888,1o2cuw9l,FastSACPro_Isaac-Repose-Cube-Allegro-Direct-v0__FastDSACT_evalil_hard_ablation_wodem__888,1
75000,5791.52734375,Isaac-Repose-Cube-Allegro-Direct-v0,888,1o2cuw9l,FastSACPro_Isaac-Repose-Cube-Allegro-Direct-v0__FastDSACT_evalil_hard_ablation_wodem__888,1
80000,5855.58447265625,Isaac-Repose-Cube-Allegro-Direct-v0,888,1o2cuw9l,FastSACPro_Isaac-Repose-Cube-Allegro-Direct-v0__FastDSACT_evalil_hard_ablation_wodem__888,1
85000,5957.576171875,Isaac-Repose-Cube-Allegro-Direct-v0,888,1o2cuw9l,FastSACPro_Isaac-Repose-Cube-Allegro-Direct-v0__FastDSACT_evalil_hard_ablation_wodem__888,1
90000,6026.0693359375,Isaac-Repose-Cube-Allegro-Direct-v0,888,1o2cuw9l,FastSACPro_Isaac-Repose-Cube-Allegro-Direct-v0__FastDSACT_evalil_hard_ablation_wodem__888,1
95000,6063.4248046875,Isaac-Repose-Cube-Allegro-Direct-v0,888,1o2cuw9l,FastSACPro_Isaac-Repose-Cube-Allegro-Direct-v0__FastDSACT_evalil_hard_ablation_wodem__888,1
100000,6128.3759765625,Isaac-Repose-Cube-Allegro-Direct-v0,888,1o2cuw9l,FastSACPro_Isaac-Repose-Cube-Allegro-Direct-v0__FastDSACT_evalil_hard_ablation_wodem__888,1
105000,6165.75244140625,Isaac-Repose-Cube-Allegro-Direct-v0,888,1o2cuw9l,FastSACPro_Isaac-Repose-Cube-Allegro-Direct-v0__FastDSACT_evalil_hard_ablation_wodem__888,1
110000,6200.33935546875,Isaac-Repose-Cube-Allegro-Direct-v0,888,1o2cuw9l,FastSACPro_Isaac-Repose-Cube-Allegro-Direct-v0__FastDSACT_evalil_hard_ablation_wodem__888,1
115000,6268.5107421875,Isaac-Repose-Cube-Allegro-Direct-v0,888,1o2cuw9l,FastSACPro_Isaac-Repose-Cube-Allegro-Direct-v0__FastDSACT_evalil_hard_ablation_wodem__888,1
120000,6348.71875,Isaac-Repose-Cube-Allegro-Direct-v0,888,1o2cuw9l,FastSACPro_Isaac-Repose-Cube-Allegro-Direct-v0__FastDSACT_evalil_hard_ablation_wodem__888,1
125000,6368.0146484375,Isaac-Repose-Cube-Allegro-Direct-v0,888,1o2cuw9l,FastSACPro_Isaac-Repose-Cube-Allegro-Direct-v0__FastDSACT_evalil_hard_ablation_wodem__888,1
130000,6483.4267578125,Isaac-Repose-Cube-Allegro-Direct-v0,888,1o2cuw9l,FastSACPro_Isaac-Repose-Cube-Allegro-Direct-v0__FastDSACT_evalil_hard_ablation_wodem__888,1
135000,6480.107421875,Isaac-Repose-Cube-Allegro-Direct-v0,888,1o2cuw9l,FastSACPro_Isaac-Repose-Cube-Allegro-Direct-v0__FastDSACT_evalil_hard_ablation_wodem__888,1
140000,6491.27099609375,Isaac-Repose-Cube-Allegro-Direct-v0,888,1o2cuw9l,FastSACPro_Isaac-Repose-Cube-Allegro-Direct-v0__FastDSACT_evalil_hard_ablation_wodem__888,1
145000,6505.14599609375,Isaac-Repose-Cube-Allegro-Direct-v0,888,1o2cuw9l,FastSACPro_Isaac-Repose-Cube-Allegro-Direct-v0__FastDSACT_evalil_hard_ablation_wodem__888,1
150000,6573.52734375,Isaac-Repose-Cube-Allegro-Direct-v0,888,1o2cuw9l,FastSACPro_Isaac-Repose-Cube-Allegro-Direct-v0__FastDSACT_evalil_hard_ablation_wodem__888,1
155000,6552.208984375,Isaac-Repose-Cube-Allegro-Direct-v0,888,1o2cuw9l,FastSACPro_Isaac-Repose-Cube-Allegro-Direct-v0__FastDSACT_evalil_hard_ablation_wodem__888,1
5000,6.146394729614258,Isaac-Velocity-Rough-G1-v0,666,aw84f3om,FastSACPro_Isaac-Velocity-Rough-G1-v0__FastDSACT_evalil_hard_ablation_wodem_real__666,1
10000,20.58069610595703,Isaac-Velocity-Rough-G1-v0,666,aw84f3om,FastSACPro_Isaac-Velocity-Rough-G1-v0__FastDSACT_evalil_hard_ablation_wodem_real__666,1
15000,28.66397476196289,Isaac-Velocity-Rough-G1-v0,666,aw84f3om,FastSACPro_Isaac-Velocity-Rough-G1-v0__FastDSACT_evalil_hard_ablation_wodem_real__666,1
20000,30.944297790527344,Isaac-Velocity-Rough-G1-v0,666,aw84f3om,FastSACPro_Isaac-Velocity-Rough-G1-v0__FastDSACT_evalil_hard_ablation_wodem_real__666,1
25000,34.03721618652344,Isaac-Velocity-Rough-G1-v0,666,aw84f3om,FastSACPro_Isaac-Velocity-Rough-G1-v0__FastDSACT_evalil_hard_ablation_wodem_real__666,1
30000,31.556354522705078,Isaac-Velocity-Rough-G1-v0,666,aw84f3om,FastSACPro_Isaac-Velocity-Rough-G1-v0__FastDSACT_evalil_hard_ablation_wodem_real__666,1
35000,33.749473571777344,Isaac-Velocity-Rough-G1-v0,666,aw84f3om,FastSACPro_Isaac-Velocity-Rough-G1-v0__FastDSACT_evalil_hard_ablation_wodem_real__666,1
40000,33.959007263183594,Isaac-Velocity-Rough-G1-v0,666,aw84f3om,FastSACPro_Isaac-Velocity-Rough-G1-v0__FastDSACT_evalil_hard_ablation_wodem_real__666,1
45000,33.87199783325195,Isaac-Velocity-Rough-G1-v0,666,aw84f3om,FastSACPro_Isaac-Velocity-Rough-G1-v0__FastDSACT_evalil_hard_ablation_wodem_real__666,1
50000,36.23974609375,Isaac-Velocity-Rough-G1-v0,666,aw84f3om,FastSACPro_Isaac-Velocity-Rough-G1-v0__FastDSACT_evalil_hard_ablation_wodem_real__666,1
55000,37.03734588623047,Isaac-Velocity-Rough-G1-v0,666,aw84f3om,FastSACPro_Isaac-Velocity-Rough-G1-v0__FastDSACT_evalil_hard_ablation_wodem_real__666,1
60000,36.165557861328125,Isaac-Velocity-Rough-G1-v0,666,aw84f3om,FastSACPro_Isaac-Velocity-Rough-G1-v0__FastDSACT_evalil_hard_ablation_wodem_real__666,1
65000,38.20436096191406,Isaac-Velocity-Rough-G1-v0,666,aw84f3om,FastSACPro_Isaac-Velocity-Rough-G1-v0__FastDSACT_evalil_hard_ablation_wodem_real__666,1
70000,38.28385543823242,Isaac-Velocity-Rough-G1-v0,666,aw84f3om,FastSACPro_Isaac-Velocity-Rough-G1-v0__FastDSACT_evalil_hard_ablation_wodem_real__666,1
75000,38.457611083984375,Isaac-Velocity-Rough-G1-v0,666,aw84f3om,FastSACPro_Isaac-Velocity-Rough-G1-v0__FastDSACT_evalil_hard_ablation_wodem_real__666,1
80000,39.1341552734375,Isaac-Velocity-Rough-G1-v0,666,aw84f3om,FastSACPro_Isaac-Velocity-Rough-G1-v0__FastDSACT_evalil_hard_ablation_wodem_real__666,1
85000,36.229087829589844,Isaac-Velocity-Rough-G1-v0,666,aw84f3om,FastSACPro_Isaac-Velocity-Rough-G1-v0__FastDSACT_evalil_hard_ablation_wodem_real__666,1
90000,38.59403991699219,Isaac-Velocity-Rough-G1-v0,666,aw84f3om,FastSACPro_Isaac-Velocity-Rough-G1-v0__FastDSACT_evalil_hard_ablation_wodem_real__666,1
95000,38.63501739501953,Isaac-Velocity-Rough-G1-v0,666,aw84f3om,FastSACPro_Isaac-Velocity-Rough-G1-v0__FastDSACT_evalil_hard_ablation_wodem_real__666,1
100000,38.40778350830078,Isaac-Velocity-Rough-G1-v0,666,aw84f3om,FastSACPro_Isaac-Velocity-Rough-G1-v0__FastDSACT_evalil_hard_ablation_wodem_real__666,1
105000,39.4305419921875,Isaac-Velocity-Rough-G1-v0,666,aw84f3om,FastSACPro_Isaac-Velocity-Rough-G1-v0__FastDSACT_evalil_hard_ablation_wodem_real__666,1
10000,14.506340026855469,h1hand-basketball-v0,888,at17ntde,FastSACPro_h1hand-basketball-v0__FastDSACT_evalhb_hard_ablation_wodem__888,1
20000,13.55048942565918,h1hand-basketball-v0,888,at17ntde,FastSACPro_h1hand-basketball-v0__FastDSACT_evalhb_hard_ablation_wodem__888,1
30000,17.012401580810547,h1hand-basketball-v0,888,at17ntde,FastSACPro_h1hand-basketball-v0__FastDSACT_evalhb_hard_ablation_wodem__888,1
40000,17.859399795532227,h1hand-basketball-v0,888,at17ntde,FastSACPro_h1hand-basketball-v0__FastDSACT_evalhb_hard_ablation_wodem__888,1
50000,17.131851196289062,h1hand-basketball-v0,888,at17ntde,FastSACPro_h1hand-basketball-v0__FastDSACT_evalhb_hard_ablation_wodem__888,1
60000,22.676979064941406,h1hand-basketball-v0,888,at17ntde,FastSACPro_h1hand-basketball-v0__FastDSACT_evalhb_hard_ablation_wodem__888,1
70000,26.554813385009766,h1hand-basketball-v0,888,at17ntde,FastSACPro_h1hand-basketball-v0__FastDSACT_evalhb_hard_ablation_wodem__888,1
80000,25.93301010131836,h1hand-basketball-v0,888,at17ntde,FastSACPro_h1hand-basketball-v0__FastDSACT_evalhb_hard_ablation_wodem__888,1
90000,34.057106018066406,h1hand-basketball-v0,888,at17ntde,FastSACPro_h1hand-basketball-v0__FastDSACT_evalhb_hard_ablation_wodem__888,1
100000,35.944969177246094,h1hand-basketball-v0,888,at17ntde,FastSACPro_h1hand-basketball-v0__FastDSACT_evalhb_hard_ablation_wodem__888,1
110000,36.881961822509766,h1hand-basketball-v0,888,at17ntde,FastSACPro_h1hand-basketball-v0__FastDSACT_evalhb_hard_ablation_wodem__888,1
120000,42.56182861328125,h1hand-basketball-v0,888,at17ntde,FastSACPro_h1hand-basketball-v0__FastDSACT_evalhb_hard_ablation_wodem__888,1
130000,49.006813049316406,h1hand-basketball-v0,888,at17ntde,FastSACPro_h1hand-basketball-v0__FastDSACT_evalhb_hard_ablation_wodem__888,1
140000,36.788639068603516,h1hand-basketball-v0,888,at17ntde,FastSACPro_h1hand-basketball-v0__FastDSACT_evalhb_hard_ablation_wodem__888,1
150000,58.21653747558594,h1hand-basketball-v0,888,at17ntde,FastSACPro_h1hand-basketball-v0__FastDSACT_evalhb_hard_ablation_wodem__888,1
160000,84.99411010742188,h1hand-basketball-v0,888,at17ntde,FastSACPro_h1hand-basketball-v0__FastDSACT_evalhb_hard_ablation_wodem__888,1
170000,74.79319763183594,h1hand-basketball-v0,888,at17ntde,FastSACPro_h1hand-basketball-v0__FastDSACT_evalhb_hard_ablation_wodem__888,1
180000,128.3029022216797,h1hand-basketball-v0,888,at17ntde,FastSACPro_h1hand-basketball-v0__FastDSACT_evalhb_hard_ablation_wodem__888,1
190000,120.22382354736328,h1hand-basketball-v0,888,at17ntde,FastSACPro_h1hand-basketball-v0__FastDSACT_evalhb_hard_ablation_wodem__888,1
200000,284.54559326171875,h1hand-basketball-v0,888,at17ntde,FastSACPro_h1hand-basketball-v0__FastDSACT_evalhb_hard_ablation_wodem__888,1
210000,172.81793212890625,h1hand-basketball-v0,888,at17ntde,FastSACPro_h1hand-basketball-v0__FastDSACT_evalhb_hard_ablation_wodem__888,1
220000,328.8143310546875,h1hand-basketball-v0,888,at17ntde,FastSACPro_h1hand-basketball-v0__FastDSACT_evalhb_hard_ablation_wodem__888,1
230000,381.59124755859375,h1hand-basketball-v0,888,at17ntde,FastSACPro_h1hand-basketball-v0__FastDSACT_evalhb_hard_ablation_wodem__888,1
240000,307.0443115234375,h1hand-basketball-v0,888,at17ntde,FastSACPro_h1hand-basketball-v0__FastDSACT_evalhb_hard_ablation_wodem__888,1
250000,289.80096435546875,h1hand-basketball-v0,888,at17ntde,FastSACPro_h1hand-basketball-v0__FastDSACT_evalhb_hard_ablation_wodem__888,1
5000,4.744599342346191,Isaac-Velocity-Rough-H1-v0,777,2arv81g6,FastSACPro_Isaac-Velocity-Rough-H1-v0__FastDSACT_evalil_hard_ablation_wodem__777,1
10000,10.45072078704834,Isaac-Velocity-Rough-H1-v0,777,2arv81g6,FastSACPro_Isaac-Velocity-Rough-H1-v0__FastDSACT_evalil_hard_ablation_wodem__777,1
15000,13.887578964233398,Isaac-Velocity-Rough-H1-v0,777,2arv81g6,FastSACPro_Isaac-Velocity-Rough-H1-v0__FastDSACT_evalil_hard_ablation_wodem__777,1
20000,18.646041870117188,Isaac-Velocity-Rough-H1-v0,777,2arv81g6,FastSACPro_Isaac-Velocity-Rough-H1-v0__FastDSACT_evalil_hard_ablation_wodem__777,1
25000,19.082290649414062,Isaac-Velocity-Rough-H1-v0,777,2arv81g6,FastSACPro_Isaac-Velocity-Rough-H1-v0__FastDSACT_evalil_hard_ablation_wodem__777,1
30000,20.234310150146484,Isaac-Velocity-Rough-H1-v0,777,2arv81g6,FastSACPro_Isaac-Velocity-Rough-H1-v0__FastDSACT_evalil_hard_ablation_wodem__777,1
35000,20.905229568481445,Isaac-Velocity-Rough-H1-v0,777,2arv81g6,FastSACPro_Isaac-Velocity-Rough-H1-v0__FastDSACT_evalil_hard_ablation_wodem__777,1
40000,22.34225845336914,Isaac-Velocity-Rough-H1-v0,777,2arv81g6,FastSACPro_Isaac-Velocity-Rough-H1-v0__FastDSACT_evalil_hard_ablation_wodem__777,1
45000,22.99451446533203,Isaac-Velocity-Rough-H1-v0,777,2arv81g6,FastSACPro_Isaac-Velocity-Rough-H1-v0__FastDSACT_evalil_hard_ablation_wodem__777,1
50000,24.475547790527344,Isaac-Velocity-Rough-H1-v0,777,2arv81g6,FastSACPro_Isaac-Velocity-Rough-H1-v0__FastDSACT_evalil_hard_ablation_wodem__777,1
55000,25.01966094970703,Isaac-Velocity-Rough-H1-v0,777,2arv81g6,FastSACPro_Isaac-Velocity-Rough-H1-v0__FastDSACT_evalil_hard_ablation_wodem__777,1
60000,25.419418334960938,Isaac-Velocity-Rough-H1-v0,777,2arv81g6,FastSACPro_Isaac-Velocity-Rough-H1-v0__FastDSACT_evalil_hard_ablation_wodem__777,1
65000,25.47374725341797,Isaac-Velocity-Rough-H1-v0,777,2arv81g6,FastSACPro_Isaac-Velocity-Rough-H1-v0__FastDSACT_evalil_hard_ablation_wodem__777,1
70000,25.4271297454834,Isaac-Velocity-Rough-H1-v0,777,2arv81g6,FastSACPro_Isaac-Velocity-Rough-H1-v0__FastDSACT_evalil_hard_ablation_wodem__777,1
75000,25.550310134887695,Isaac-Velocity-Rough-H1-v0,777,2arv81g6,FastSACPro_Isaac-Velocity-Rough-H1-v0__FastDSACT_evalil_hard_ablation_wodem__777,1
80000,25.394794464111328,Isaac-Velocity-Rough-H1-v0,777,2arv81g6,FastSACPro_Isaac-Velocity-Rough-H1-v0__FastDSACT_evalil_hard_ablation_wodem__777,1
85000,25.611408233642578,Isaac-Velocity-Rough-H1-v0,777,2arv81g6,FastSACPro_Isaac-Velocity-Rough-H1-v0__FastDSACT_evalil_hard_ablation_wodem__777,1
90000,25.76047134399414,Isaac-Velocity-Rough-H1-v0,777,2arv81g6,FastSACPro_Isaac-Velocity-Rough-H1-v0__FastDSACT_evalil_hard_ablation_wodem__777,1
95000,25.960556030273438,Isaac-Velocity-Rough-H1-v0,777,2arv81g6,FastSACPro_Isaac-Velocity-Rough-H1-v0__FastDSACT_evalil_hard_ablation_wodem__777,1
100000,25.840688705444336,Isaac-Velocity-Rough-H1-v0,777,2arv81g6,FastSACPro_Isaac-Velocity-Rough-H1-v0__FastDSACT_evalil_hard_ablation_wodem__777,1
105000,26.02930450439453,Isaac-Velocity-Rough-H1-v0,777,2arv81g6,FastSACPro_Isaac-Velocity-Rough-H1-v0__FastDSACT_evalil_hard_ablation_wodem__777,1
5000,8.359106063842773,Isaac-Velocity-Rough-G1-v0,777,g2sjnway,FastSACPro_Isaac-Velocity-Rough-G1-v0__FastDSACT_evalil_hard_ablation_wodem_real__777,1
10000,17.743865966796875,Isaac-Velocity-Rough-G1-v0,777,g2sjnway,FastSACPro_Isaac-Velocity-Rough-G1-v0__FastDSACT_evalil_hard_ablation_wodem_real__777,1
15000,30.83555793762207,Isaac-Velocity-Rough-G1-v0,777,g2sjnway,FastSACPro_Isaac-Velocity-Rough-G1-v0__FastDSACT_evalil_hard_ablation_wodem_real__777,1
20000,33.54245376586914,Isaac-Velocity-Rough-G1-v0,777,g2sjnway,FastSACPro_Isaac-Velocity-Rough-G1-v0__FastDSACT_evalil_hard_ablation_wodem_real__777,1
25000,33.275482177734375,Isaac-Velocity-Rough-G1-v0,777,g2sjnway,FastSACPro_Isaac-Velocity-Rough-G1-v0__FastDSACT_evalil_hard_ablation_wodem_real__777,1
30000,35.638458251953125,Isaac-Velocity-Rough-G1-v0,777,g2sjnway,FastSACPro_Isaac-Velocity-Rough-G1-v0__FastDSACT_evalil_hard_ablation_wodem_real__777,1
35000,35.152061462402344,Isaac-Velocity-Rough-G1-v0,777,g2sjnway,FastSACPro_Isaac-Velocity-Rough-G1-v0__FastDSACT_evalil_hard_ablation_wodem_real__777,1
40000,33.53826141357422,Isaac-Velocity-Rough-G1-v0,777,g2sjnway,FastSACPro_Isaac-Velocity-Rough-G1-v0__FastDSACT_evalil_hard_ablation_wodem_real__777,1
45000,36.63666534423828,Isaac-Velocity-Rough-G1-v0,777,g2sjnway,FastSACPro_Isaac-Velocity-Rough-G1-v0__FastDSACT_evalil_hard_ablation_wodem_real__777,1
50000,36.15869903564453,Isaac-Velocity-Rough-G1-v0,777,g2sjnway,FastSACPro_Isaac-Velocity-Rough-G1-v0__FastDSACT_evalil_hard_ablation_wodem_real__777,1
55000,34.55392074584961,Isaac-Velocity-Rough-G1-v0,777,g2sjnway,FastSACPro_Isaac-Velocity-Rough-G1-v0__FastDSACT_evalil_hard_ablation_wodem_real__777,1
60000,34.32310485839844,Isaac-Velocity-Rough-G1-v0,777,g2sjnway,FastSACPro_Isaac-Velocity-Rough-G1-v0__FastDSACT_evalil_hard_ablation_wodem_real__777,1
65000,36.988800048828125,Isaac-Velocity-Rough-G1-v0,777,g2sjnway,FastSACPro_Isaac-Velocity-Rough-G1-v0__FastDSACT_evalil_hard_ablation_wodem_real__777,1
70000,37.58582305908203,Isaac-Velocity-Rough-G1-v0,777,g2sjnway,FastSACPro_Isaac-Velocity-Rough-G1-v0__FastDSACT_evalil_hard_ablation_wodem_real__777,1
75000,37.53921890258789,Isaac-Velocity-Rough-G1-v0,777,g2sjnway,FastSACPro_Isaac-Velocity-Rough-G1-v0__FastDSACT_evalil_hard_ablation_wodem_real__777,1
80000,38.10479736328125,Isaac-Velocity-Rough-G1-v0,777,g2sjnway,FastSACPro_Isaac-Velocity-Rough-G1-v0__FastDSACT_evalil_hard_ablation_wodem_real__777,1
85000,38.08992004394531,Isaac-Velocity-Rough-G1-v0,777,g2sjnway,FastSACPro_Isaac-Velocity-Rough-G1-v0__FastDSACT_evalil_hard_ablation_wodem_real__777,1
90000,37.604862213134766,Isaac-Velocity-Rough-G1-v0,777,g2sjnway,FastSACPro_Isaac-Velocity-Rough-G1-v0__FastDSACT_evalil_hard_ablation_wodem_real__777,1
95000,37.54926300048828,Isaac-Velocity-Rough-G1-v0,777,g2sjnway,FastSACPro_Isaac-Velocity-Rough-G1-v0__FastDSACT_evalil_hard_ablation_wodem_real__777,1
100000,38.91832733154297,Isaac-Velocity-Rough-G1-v0,777,g2sjnway,FastSACPro_Isaac-Velocity-Rough-G1-v0__FastDSACT_evalil_hard_ablation_wodem_real__777,1
105000,36.78437042236328,Isaac-Velocity-Rough-G1-v0,777,g2sjnway,FastSACPro_Isaac-Velocity-Rough-G1-v0__FastDSACT_evalil_hard_ablation_wodem_real__777,1
5000,3.8087756633758545,Isaac-Velocity-Rough-H1-v0,666,4pv93scr,FastSACPro_Isaac-Velocity-Rough-H1-v0__FastDSACT_evalil_hard_ablation_wodem__666,1
10000,7.614245414733887,Isaac-Velocity-Rough-H1-v0,666,4pv93scr,FastSACPro_Isaac-Velocity-Rough-H1-v0__FastDSACT_evalil_hard_ablation_wodem__666,1
15000,13.716062545776367,Isaac-Velocity-Rough-H1-v0,666,4pv93scr,FastSACPro_Isaac-Velocity-Rough-H1-v0__FastDSACT_evalil_hard_ablation_wodem__666,1
20000,16.43770980834961,Isaac-Velocity-Rough-H1-v0,666,4pv93scr,FastSACPro_Isaac-Velocity-Rough-H1-v0__FastDSACT_evalil_hard_ablation_wodem__666,1
25000,17.602630615234375,Isaac-Velocity-Rough-H1-v0,666,4pv93scr,FastSACPro_Isaac-Velocity-Rough-H1-v0__FastDSACT_evalil_hard_ablation_wodem__666,1
30000,18.215320587158203,Isaac-Velocity-Rough-H1-v0,666,4pv93scr,FastSACPro_Isaac-Velocity-Rough-H1-v0__FastDSACT_evalil_hard_ablation_wodem__666,1
35000,19.323890686035156,Isaac-Velocity-Rough-H1-v0,666,4pv93scr,FastSACPro_Isaac-Velocity-Rough-H1-v0__FastDSACT_evalil_hard_ablation_wodem__666,1
40000,20.061927795410156,Isaac-Velocity-Rough-H1-v0,666,4pv93scr,FastSACPro_Isaac-Velocity-Rough-H1-v0__FastDSACT_evalil_hard_ablation_wodem__666,1
45000,21.54534912109375,Isaac-Velocity-Rough-H1-v0,666,4pv93scr,FastSACPro_Isaac-Velocity-Rough-H1-v0__FastDSACT_evalil_hard_ablation_wodem__666,1
50000,23.81097412109375,Isaac-Velocity-Rough-H1-v0,666,4pv93scr,FastSACPro_Isaac-Velocity-Rough-H1-v0__FastDSACT_evalil_hard_ablation_wodem__666,1
55000,25.04480743408203,Isaac-Velocity-Rough-H1-v0,666,4pv93scr,FastSACPro_Isaac-Velocity-Rough-H1-v0__FastDSACT_evalil_hard_ablation_wodem__666,1
60000,25.10796356201172,Isaac-Velocity-Rough-H1-v0,666,4pv93scr,FastSACPro_Isaac-Velocity-Rough-H1-v0__FastDSACT_evalil_hard_ablation_wodem__666,1
65000,25.825910568237305,Isaac-Velocity-Rough-H1-v0,666,4pv93scr,FastSACPro_Isaac-Velocity-Rough-H1-v0__FastDSACT_evalil_hard_ablation_wodem__666,1
70000,25.642684936523438,Isaac-Velocity-Rough-H1-v0,666,4pv93scr,FastSACPro_Isaac-Velocity-Rough-H1-v0__FastDSACT_evalil_hard_ablation_wodem__666,1
75000,25.862186431884766,Isaac-Velocity-Rough-H1-v0,666,4pv93scr,FastSACPro_Isaac-Velocity-Rough-H1-v0__FastDSACT_evalil_hard_ablation_wodem__666,1
80000,25.63355255126953,Isaac-Velocity-Rough-H1-v0,666,4pv93scr,FastSACPro_Isaac-Velocity-Rough-H1-v0__FastDSACT_evalil_hard_ablation_wodem__666,1
85000,26.1097354888916,Isaac-Velocity-Rough-H1-v0,666,4pv93scr,FastSACPro_Isaac-Velocity-Rough-H1-v0__FastDSACT_evalil_hard_ablation_wodem__666,1
90000,26.36626434326172,Isaac-Velocity-Rough-H1-v0,666,4pv93scr,FastSACPro_Isaac-Velocity-Rough-H1-v0__FastDSACT_evalil_hard_ablation_wodem__666,1
95000,26.152862548828125,Isaac-Velocity-Rough-H1-v0,666,4pv93scr,FastSACPro_Isaac-Velocity-Rough-H1-v0__FastDSACT_evalil_hard_ablation_wodem__666,1
100000,26.35875129699707,Isaac-Velocity-Rough-H1-v0,666,4pv93scr,FastSACPro_Isaac-Velocity-Rough-H1-v0__FastDSACT_evalil_hard_ablation_wodem__666,1
105000,26.604116439819336,Isaac-Velocity-Rough-H1-v0,666,4pv93scr,FastSACPro_Isaac-Velocity-Rough-H1-v0__FastDSACT_evalil_hard_ablation_wodem__666,1
5000,7.85049295425415,Isaac-Velocity-Rough-G1-v0,888,6hjtw8xs,FastSACPro_Isaac-Velocity-Rough-G1-v0__FastDSACT_evalil_hard_ablation_wodem_real__888,1
10000,16.763471603393555,Isaac-Velocity-Rough-G1-v0,888,6hjtw8xs,FastSACPro_Isaac-Velocity-Rough-G1-v0__FastDSACT_evalil_hard_ablation_wodem_real__888,1
15000,28.741708755493164,Isaac-Velocity-Rough-G1-v0,888,6hjtw8xs,FastSACPro_Isaac-Velocity-Rough-G1-v0__FastDSACT_evalil_hard_ablation_wodem_real__888,1
20000,31.8220157623291,Isaac-Velocity-Rough-G1-v0,888,6hjtw8xs,FastSACPro_Isaac-Velocity-Rough-G1-v0__FastDSACT_evalil_hard_ablation_wodem_real__888,1
25000,32.46580505371094,Isaac-Velocity-Rough-G1-v0,888,6hjtw8xs,FastSACPro_Isaac-Velocity-Rough-G1-v0__FastDSACT_evalil_hard_ablation_wodem_real__888,1
30000,31.9323787689209,Isaac-Velocity-Rough-G1-v0,888,6hjtw8xs,FastSACPro_Isaac-Velocity-Rough-G1-v0__FastDSACT_evalil_hard_ablation_wodem_real__888,1
35000,33.92518615722656,Isaac-Velocity-Rough-G1-v0,888,6hjtw8xs,FastSACPro_Isaac-Velocity-Rough-G1-v0__FastDSACT_evalil_hard_ablation_wodem_real__888,1
40000,34.015586853027344,Isaac-Velocity-Rough-G1-v0,888,6hjtw8xs,FastSACPro_Isaac-Velocity-Rough-G1-v0__FastDSACT_evalil_hard_ablation_wodem_real__888,1
45000,34.19648742675781,Isaac-Velocity-Rough-G1-v0,888,6hjtw8xs,FastSACPro_Isaac-Velocity-Rough-G1-v0__FastDSACT_evalil_hard_ablation_wodem_real__888,1
50000,32.493499755859375,Isaac-Velocity-Rough-G1-v0,888,6hjtw8xs,FastSACPro_Isaac-Velocity-Rough-G1-v0__FastDSACT_evalil_hard_ablation_wodem_real__888,1
55000,35.89205551147461,Isaac-Velocity-Rough-G1-v0,888,6hjtw8xs,FastSACPro_Isaac-Velocity-Rough-G1-v0__FastDSACT_evalil_hard_ablation_wodem_real__888,1
60000,35.101463317871094,Isaac-Velocity-Rough-G1-v0,888,6hjtw8xs,FastSACPro_Isaac-Velocity-Rough-G1-v0__FastDSACT_evalil_hard_ablation_wodem_real__888,1
65000,35.594207763671875,Isaac-Velocity-Rough-G1-v0,888,6hjtw8xs,FastSACPro_Isaac-Velocity-Rough-G1-v0__FastDSACT_evalil_hard_ablation_wodem_real__888,1
70000,36.05279541015625,Isaac-Velocity-Rough-G1-v0,888,6hjtw8xs,FastSACPro_Isaac-Velocity-Rough-G1-v0__FastDSACT_evalil_hard_ablation_wodem_real__888,1
75000,36.60158920288086,Isaac-Velocity-Rough-G1-v0,888,6hjtw8xs,FastSACPro_Isaac-Velocity-Rough-G1-v0__FastDSACT_evalil_hard_ablation_wodem_real__888,1
80000,35.97747039794922,Isaac-Velocity-Rough-G1-v0,888,6hjtw8xs,FastSACPro_Isaac-Velocity-Rough-G1-v0__FastDSACT_evalil_hard_ablation_wodem_real__888,1
85000,36.868343353271484,Isaac-Velocity-Rough-G1-v0,888,6hjtw8xs,FastSACPro_Isaac-Velocity-Rough-G1-v0__FastDSACT_evalil_hard_ablation_wodem_real__888,1
90000,36.99108123779297,Isaac-Velocity-Rough-G1-v0,888,6hjtw8xs,FastSACPro_Isaac-Velocity-Rough-G1-v0__FastDSACT_evalil_hard_ablation_wodem_real__888,1
95000,37.42974853515625,Isaac-Velocity-Rough-G1-v0,888,6hjtw8xs,FastSACPro_Isaac-Velocity-Rough-G1-v0__FastDSACT_evalil_hard_ablation_wodem_real__888,1
100000,37.81591796875,Isaac-Velocity-Rough-G1-v0,888,6hjtw8xs,FastSACPro_Isaac-Velocity-Rough-G1-v0__FastDSACT_evalil_hard_ablation_wodem_real__888,1
105000,38.030601501464844,Isaac-Velocity-Rough-G1-v0,888,6hjtw8xs,FastSACPro_Isaac-Velocity-Rough-G1-v0__FastDSACT_evalil_hard_ablation_wodem_real__888,1
5000,0.6448450088500977,Isaac-Velocity-Rough-H1-v0,888,5s22xyrd,FastSACPro_Isaac-Velocity-Rough-H1-v0__FastDSACT_evalil_hard_ablation_wodem__888,1
10000,8.22895622253418,Isaac-Velocity-Rough-H1-v0,888,5s22xyrd,FastSACPro_Isaac-Velocity-Rough-H1-v0__FastDSACT_evalil_hard_ablation_wodem__888,1
15000,13.025196075439453,Isaac-Velocity-Rough-H1-v0,888,5s22xyrd,FastSACPro_Isaac-Velocity-Rough-H1-v0__FastDSACT_evalil_hard_ablation_wodem__888,1
20000,16.31304931640625,Isaac-Velocity-Rough-H1-v0,888,5s22xyrd,FastSACPro_Isaac-Velocity-Rough-H1-v0__FastDSACT_evalil_hard_ablation_wodem__888,1
25000,19.138145446777344,Isaac-Velocity-Rough-H1-v0,888,5s22xyrd,FastSACPro_Isaac-Velocity-Rough-H1-v0__FastDSACT_evalil_hard_ablation_wodem__888,1
30000,16.9296932220459,Isaac-Velocity-Rough-H1-v0,888,5s22xyrd,FastSACPro_Isaac-Velocity-Rough-H1-v0__FastDSACT_evalil_hard_ablation_wodem__888,1
35000,19.34703826904297,Isaac-Velocity-Rough-H1-v0,888,5s22xyrd,FastSACPro_Isaac-Velocity-Rough-H1-v0__FastDSACT_evalil_hard_ablation_wodem__888,1
40000,20.94684600830078,Isaac-Velocity-Rough-H1-v0,888,5s22xyrd,FastSACPro_Isaac-Velocity-Rough-H1-v0__FastDSACT_evalil_hard_ablation_wodem__888,1
45000,20.393596649169922,Isaac-Velocity-Rough-H1-v0,888,5s22xyrd,FastSACPro_Isaac-Velocity-Rough-H1-v0__FastDSACT_evalil_hard_ablation_wodem__888,1
50000,22.65555763244629,Isaac-Velocity-Rough-H1-v0,888,5s22xyrd,FastSACPro_Isaac-Velocity-Rough-H1-v0__FastDSACT_evalil_hard_ablation_wodem__888,1
55000,24.230693817138672,Isaac-Velocity-Rough-H1-v0,888,5s22xyrd,FastSACPro_Isaac-Velocity-Rough-H1-v0__FastDSACT_evalil_hard_ablation_wodem__888,1
60000,24.984886169433594,Isaac-Velocity-Rough-H1-v0,888,5s22xyrd,FastSACPro_Isaac-Velocity-Rough-H1-v0__FastDSACT_evalil_hard_ablation_wodem__888,1
65000,25.346452713012695,Isaac-Velocity-Rough-H1-v0,888,5s22xyrd,FastSACPro_Isaac-Velocity-Rough-H1-v0__FastDSACT_evalil_hard_ablation_wodem__888,1
70000,25.4581298828125,Isaac-Velocity-Rough-H1-v0,888,5s22xyrd,FastSACPro_Isaac-Velocity-Rough-H1-v0__FastDSACT_evalil_hard_ablation_wodem__888,1
75000,25.70184326171875,Isaac-Velocity-Rough-H1-v0,888,5s22xyrd,FastSACPro_Isaac-Velocity-Rough-H1-v0__FastDSACT_evalil_hard_ablation_wodem__888,1
80000,26.198793411254883,Isaac-Velocity-Rough-H1-v0,888,5s22xyrd,FastSACPro_Isaac-Velocity-Rough-H1-v0__FastDSACT_evalil_hard_ablation_wodem__888,1
85000,25.95157814025879,Isaac-Velocity-Rough-H1-v0,888,5s22xyrd,FastSACPro_Isaac-Velocity-Rough-H1-v0__FastDSACT_evalil_hard_ablation_wodem__888,1
90000,25.691442489624023,Isaac-Velocity-Rough-H1-v0,888,5s22xyrd,FastSACPro_Isaac-Velocity-Rough-H1-v0__FastDSACT_evalil_hard_ablation_wodem__888,1
95000,26.21331024169922,Isaac-Velocity-Rough-H1-v0,888,5s22xyrd,FastSACPro_Isaac-Velocity-Rough-H1-v0__FastDSACT_evalil_hard_ablation_wodem__888,1
100000,26.638551712036133,Isaac-Velocity-Rough-H1-v0,888,5s22xyrd,FastSACPro_Isaac-Velocity-Rough-H1-v0__FastDSACT_evalil_hard_ablation_wodem__888,1
105000,27.00436782836914,Isaac-Velocity-Rough-H1-v0,888,5s22xyrd,FastSACPro_Isaac-Velocity-Rough-H1-v0__FastDSACT_evalil_hard_ablation_wodem__888,1
10000,7.393082141876221,h1hand-hurdle-v0,777,m295lx7d,FastSACPro_h1hand-hurdle-v0__FastDSACT_evalhb_hard_ablation_wodem__777,1
20000,2.8965322971343994,h1hand-hurdle-v0,777,m295lx7d,FastSACPro_h1hand-hurdle-v0__FastDSACT_evalhb_hard_ablation_wodem__777,1
30000,7.947551727294922,h1hand-hurdle-v0,777,m295lx7d,FastSACPro_h1hand-hurdle-v0__FastDSACT_evalhb_hard_ablation_wodem__777,1
40000,12.731338500976562,h1hand-hurdle-v0,777,m295lx7d,FastSACPro_h1hand-hurdle-v0__FastDSACT_evalhb_hard_ablation_wodem__777,1
50000,18.401042938232422,h1hand-hurdle-v0,777,m295lx7d,FastSACPro_h1hand-hurdle-v0__FastDSACT_evalhb_hard_ablation_wodem__777,1
60000,16.04167938232422,h1hand-hurdle-v0,777,m295lx7d,FastSACPro_h1hand-hurdle-v0__FastDSACT_evalhb_hard_ablation_wodem__777,1
70000,39.99274826049805,h1hand-hurdle-v0,777,m295lx7d,FastSACPro_h1hand-hurdle-v0__FastDSACT_evalhb_hard_ablation_wodem__777,1
80000,67.89178466796875,h1hand-hurdle-v0,777,m295lx7d,FastSACPro_h1hand-hurdle-v0__FastDSACT_evalhb_hard_ablation_wodem__777,1
90000,91.4104995727539,h1hand-hurdle-v0,777,m295lx7d,FastSACPro_h1hand-hurdle-v0__FastDSACT_evalhb_hard_ablation_wodem__777,1
100000,108.30351257324219,h1hand-hurdle-v0,777,m295lx7d,FastSACPro_h1hand-hurdle-v0__FastDSACT_evalhb_hard_ablation_wodem__777,1
110000,137.8448028564453,h1hand-hurdle-v0,777,m295lx7d,FastSACPro_h1hand-hurdle-v0__FastDSACT_evalhb_hard_ablation_wodem__777,1
120000,175.82846069335938,h1hand-hurdle-v0,777,m295lx7d,FastSACPro_h1hand-hurdle-v0__FastDSACT_evalhb_hard_ablation_wodem__777,1
130000,216.5811767578125,h1hand-hurdle-v0,777,m295lx7d,FastSACPro_h1hand-hurdle-v0__FastDSACT_evalhb_hard_ablation_wodem__777,1
140000,229.60049438476562,h1hand-hurdle-v0,777,m295lx7d,FastSACPro_h1hand-hurdle-v0__FastDSACT_evalhb_hard_ablation_wodem__777,1
150000,299.99395751953125,h1hand-hurdle-v0,777,m295lx7d,FastSACPro_h1hand-hurdle-v0__FastDSACT_evalhb_hard_ablation_wodem__777,1
160000,314.6376647949219,h1hand-hurdle-v0,777,m295lx7d,FastSACPro_h1hand-hurdle-v0__FastDSACT_evalhb_hard_ablation_wodem__777,1
170000,349.6106872558594,h1hand-hurdle-v0,777,m295lx7d,FastSACPro_h1hand-hurdle-v0__FastDSACT_evalhb_hard_ablation_wodem__777,1
180000,382.539306640625,h1hand-hurdle-v0,777,m295lx7d,FastSACPro_h1hand-hurdle-v0__FastDSACT_evalhb_hard_ablation_wodem__777,1
190000,507.7569885253906,h1hand-hurdle-v0,777,m295lx7d,FastSACPro_h1hand-hurdle-v0__FastDSACT_evalhb_hard_ablation_wodem__777,1
200000,690.4425659179688,h1hand-hurdle-v0,777,m295lx7d,FastSACPro_h1hand-hurdle-v0__FastDSACT_evalhb_hard_ablation_wodem__777,1
210000,822.888427734375,h1hand-hurdle-v0,777,m295lx7d,FastSACPro_h1hand-hurdle-v0__FastDSACT_evalhb_hard_ablation_wodem__777,1
220000,877.8673095703125,h1hand-hurdle-v0,777,m295lx7d,FastSACPro_h1hand-hurdle-v0__FastDSACT_evalhb_hard_ablation_wodem__777,1
230000,840.5313720703125,h1hand-hurdle-v0,777,m295lx7d,FastSACPro_h1hand-hurdle-v0__FastDSACT_evalhb_hard_ablation_wodem__777,1
240000,630.697021484375,h1hand-hurdle-v0,777,m295lx7d,FastSACPro_h1hand-hurdle-v0__FastDSACT_evalhb_hard_ablation_wodem__777,1
250000,682.89404296875,h1hand-hurdle-v0,777,m295lx7d,FastSACPro_h1hand-hurdle-v0__FastDSACT_evalhb_hard_ablation_wodem__777,1
260000,765.0220947265625,h1hand-hurdle-v0,777,m295lx7d,FastSACPro_h1hand-hurdle-v0__FastDSACT_evalhb_hard_ablation_wodem__777,1
270000,823.9788818359375,h1hand-hurdle-v0,777,m295lx7d,FastSACPro_h1hand-hurdle-v0__FastDSACT_evalhb_hard_ablation_wodem__777,1
280000,735.7190551757812,h1hand-hurdle-v0,777,m295lx7d,FastSACPro_h1hand-hurdle-v0__FastDSACT_evalhb_hard_ablation_wodem__777,1
290000,636.7874755859375,h1hand-hurdle-v0,777,m295lx7d,FastSACPro_h1hand-hurdle-v0__FastDSACT_evalhb_hard_ablation_wodem__777,1
300000,235.44485473632812,h1hand-hurdle-v0,777,m295lx7d,FastSACPro_h1hand-hurdle-v0__FastDSACT_evalhb_hard_ablation_wodem__777,1
10000,10.659667015075684,h1hand-hurdle-v0,666,vanc41yr,FastSACPro_h1hand-hurdle-v0__FastDSACT_evalhb_hard_ablation_wodem__666,1
20000,3.187291383743286,h1hand-hurdle-v0,666,vanc41yr,FastSACPro_h1hand-hurdle-v0__FastDSACT_evalhb_hard_ablation_wodem__666,1
30000,10.663534164428711,h1hand-hurdle-v0,666,vanc41yr,FastSACPro_h1hand-hurdle-v0__FastDSACT_evalhb_hard_ablation_wodem__666,1
40000,7.866177558898926,h1hand-hurdle-v0,666,vanc41yr,FastSACPro_h1hand-hurdle-v0__FastDSACT_evalhb_hard_ablation_wodem__666,1
50000,17.48015594482422,h1hand-hurdle-v0,666,vanc41yr,FastSACPro_h1hand-hurdle-v0__FastDSACT_evalhb_hard_ablation_wodem__666,1
60000,20.147005081176758,h1hand-hurdle-v0,666,vanc41yr,FastSACPro_h1hand-hurdle-v0__FastDSACT_evalhb_hard_ablation_wodem__666,1
70000,46.1504020690918,h1hand-hurdle-v0,666,vanc41yr,FastSACPro_h1hand-hurdle-v0__FastDSACT_evalhb_hard_ablation_wodem__666,1
80000,79.01223754882812,h1hand-hurdle-v0,666,vanc41yr,FastSACPro_h1hand-hurdle-v0__FastDSACT_evalhb_hard_ablation_wodem__666,1
90000,91.91836547851562,h1hand-hurdle-v0,666,vanc41yr,FastSACPro_h1hand-hurdle-v0__FastDSACT_evalhb_hard_ablation_wodem__666,1
100000,96.70060729980469,h1hand-hurdle-v0,666,vanc41yr,FastSACPro_h1hand-hurdle-v0__FastDSACT_evalhb_hard_ablation_wodem__666,1
110000,120.33233642578125,h1hand-hurdle-v0,666,vanc41yr,FastSACPro_h1hand-hurdle-v0__FastDSACT_evalhb_hard_ablation_wodem__666,1
120000,145.39797973632812,h1hand-hurdle-v0,666,vanc41yr,FastSACPro_h1hand-hurdle-v0__FastDSACT_evalhb_hard_ablation_wodem__666,1
130000,166.64488220214844,h1hand-hurdle-v0,666,vanc41yr,FastSACPro_h1hand-hurdle-v0__FastDSACT_evalhb_hard_ablation_wodem__666,1
140000,219.29461669921875,h1hand-hurdle-v0,666,vanc41yr,FastSACPro_h1hand-hurdle-v0__FastDSACT_evalhb_hard_ablation_wodem__666,1
150000,279.9373779296875,h1hand-hurdle-v0,666,vanc41yr,FastSACPro_h1hand-hurdle-v0__FastDSACT_evalhb_hard_ablation_wodem__666,1
160000,279.95721435546875,h1hand-hurdle-v0,666,vanc41yr,FastSACPro_h1hand-hurdle-v0__FastDSACT_evalhb_hard_ablation_wodem__666,1
170000,386.386962890625,h1hand-hurdle-v0,666,vanc41yr,FastSACPro_h1hand-hurdle-v0__FastDSACT_evalhb_hard_ablation_wodem__666,1
180000,423.65753173828125,h1hand-hurdle-v0,666,vanc41yr,FastSACPro_h1hand-hurdle-v0__FastDSACT_evalhb_hard_ablation_wodem__666,1
190000,446.0174255371094,h1hand-hurdle-v0,666,vanc41yr,FastSACPro_h1hand-hurdle-v0__FastDSACT_evalhb_hard_ablation_wodem__666,1
200000,372.8081359863281,h1hand-hurdle-v0,666,vanc41yr,FastSACPro_h1hand-hurdle-v0__FastDSACT_evalhb_hard_ablation_wodem__666,1
210000,441.1304931640625,h1hand-hurdle-v0,666,vanc41yr,FastSACPro_h1hand-hurdle-v0__FastDSACT_evalhb_hard_ablation_wodem__666,1
220000,433.8077392578125,h1hand-hurdle-v0,666,vanc41yr,FastSACPro_h1hand-hurdle-v0__FastDSACT_evalhb_hard_ablation_wodem__666,1
230000,499.9752197265625,h1hand-hurdle-v0,666,vanc41yr,FastSACPro_h1hand-hurdle-v0__FastDSACT_evalhb_hard_ablation_wodem__666,1
240000,264.7457580566406,h1hand-hurdle-v0,666,vanc41yr,FastSACPro_h1hand-hurdle-v0__FastDSACT_evalhb_hard_ablation_wodem__666,1
250000,482.1092529296875,h1hand-hurdle-v0,666,vanc41yr,FastSACPro_h1hand-hurdle-v0__FastDSACT_evalhb_hard_ablation_wodem__666,1
260000,501.90838623046875,h1hand-hurdle-v0,666,vanc41yr,FastSACPro_h1hand-hurdle-v0__FastDSACT_evalhb_hard_ablation_wodem__666,1
270000,532.223388671875,h1hand-hurdle-v0,666,vanc41yr,FastSACPro_h1hand-hurdle-v0__FastDSACT_evalhb_hard_ablation_wodem__666,1
280000,488.22711181640625,h1hand-hurdle-v0,666,vanc41yr,FastSACPro_h1hand-hurdle-v0__FastDSACT_evalhb_hard_ablation_wodem__666,1
290000,523.5306396484375,h1hand-hurdle-v0,666,vanc41yr,FastSACPro_h1hand-hurdle-v0__FastDSACT_evalhb_hard_ablation_wodem__666,1
300000,538.0138549804688,h1hand-hurdle-v0,666,vanc41yr,FastSACPro_h1hand-hurdle-v0__FastDSACT_evalhb_hard_ablation_wodem__666,1
10000,4.814589500427246,h1hand-hurdle-v0,888,ba5xj9s3,FastSACPro_h1hand-hurdle-v0__FastDSACT_evalhb_hard_ablation_wodem__888,1
20000,2.7343764305114746,h1hand-hurdle-v0,888,ba5xj9s3,FastSACPro_h1hand-hurdle-v0__FastDSACT_evalhb_hard_ablation_wodem__888,1
30000,5.3845086097717285,h1hand-hurdle-v0,888,ba5xj9s3,FastSACPro_h1hand-hurdle-v0__FastDSACT_evalhb_hard_ablation_wodem__888,1
40000,12.47683334350586,h1hand-hurdle-v0,888,ba5xj9s3,FastSACPro_h1hand-hurdle-v0__FastDSACT_evalhb_hard_ablation_wodem__888,1
50000,14.445079803466797,h1hand-hurdle-v0,888,ba5xj9s3,FastSACPro_h1hand-hurdle-v0__FastDSACT_evalhb_hard_ablation_wodem__888,1
60000,20.64667510986328,h1hand-hurdle-v0,888,ba5xj9s3,FastSACPro_h1hand-hurdle-v0__FastDSACT_evalhb_hard_ablation_wodem__888,1
70000,25.014957427978516,h1hand-hurdle-v0,888,ba5xj9s3,FastSACPro_h1hand-hurdle-v0__FastDSACT_evalhb_hard_ablation_wodem__888,1
80000,45.58177185058594,h1hand-hurdle-v0,888,ba5xj9s3,FastSACPro_h1hand-hurdle-v0__FastDSACT_evalhb_hard_ablation_wodem__888,1
90000,45.985836029052734,h1hand-hurdle-v0,888,ba5xj9s3,FastSACPro_h1hand-hurdle-v0__FastDSACT_evalhb_hard_ablation_wodem__888,1
100000,86.31814575195312,h1hand-hurdle-v0,888,ba5xj9s3,FastSACPro_h1hand-hurdle-v0__FastDSACT_evalhb_hard_ablation_wodem__888,1
110000,103.8532943725586,h1hand-hurdle-v0,888,ba5xj9s3,FastSACPro_h1hand-hurdle-v0__FastDSACT_evalhb_hard_ablation_wodem__888,1
120000,130.73431396484375,h1hand-hurdle-v0,888,ba5xj9s3,FastSACPro_h1hand-hurdle-v0__FastDSACT_evalhb_hard_ablation_wodem__888,1
130000,133.98182678222656,h1hand-hurdle-v0,888,ba5xj9s3,FastSACPro_h1hand-hurdle-v0__FastDSACT_evalhb_hard_ablation_wodem__888,1
140000,153.62841796875,h1hand-hurdle-v0,888,ba5xj9s3,FastSACPro_h1hand-hurdle-v0__FastDSACT_evalhb_hard_ablation_wodem__888,1
150000,181.9124755859375,h1hand-hurdle-v0,888,ba5xj9s3,FastSACPro_h1hand-hurdle-v0__FastDSACT_evalhb_hard_ablation_wodem__888,1
160000,225.7897491455078,h1hand-hurdle-v0,888,ba5xj9s3,FastSACPro_h1hand-hurdle-v0__FastDSACT_evalhb_hard_ablation_wodem__888,1
170000,245.26246643066406,h1hand-hurdle-v0,888,ba5xj9s3,FastSACPro_h1hand-hurdle-v0__FastDSACT_evalhb_hard_ablation_wodem__888,1
180000,268.38946533203125,h1hand-hurdle-v0,888,ba5xj9s3,FastSACPro_h1hand-hurdle-v0__FastDSACT_evalhb_hard_ablation_wodem__888,1
190000,309.3515625,h1hand-hurdle-v0,888,ba5xj9s3,FastSACPro_h1hand-hurdle-v0__FastDSACT_evalhb_hard_ablation_wodem__888,1
200000,318.9703674316406,h1hand-hurdle-v0,888,ba5xj9s3,FastSACPro_h1hand-hurdle-v0__FastDSACT_evalhb_hard_ablation_wodem__888,1
210000,378.99432373046875,h1hand-hurdle-v0,888,ba5xj9s3,FastSACPro_h1hand-hurdle-v0__FastDSACT_evalhb_hard_ablation_wodem__888,1
220000,455.2565612792969,h1hand-hurdle-v0,888,ba5xj9s3,FastSACPro_h1hand-hurdle-v0__FastDSACT_evalhb_hard_ablation_wodem__888,1
230000,275.33099365234375,h1hand-hurdle-v0,888,ba5xj9s3,FastSACPro_h1hand-hurdle-v0__FastDSACT_evalhb_hard_ablation_wodem__888,1
240000,520.7019653320312,h1hand-hurdle-v0,888,ba5xj9s3,FastSACPro_h1hand-hurdle-v0__FastDSACT_evalhb_hard_ablation_wodem__888,1
250000,482.8939514160156,h1hand-hurdle-v0,888,ba5xj9s3,FastSACPro_h1hand-hurdle-v0__FastDSACT_evalhb_hard_ablation_wodem__888,1
260000,475.06219482421875,h1hand-hurdle-v0,888,ba5xj9s3,FastSACPro_h1hand-hurdle-v0__FastDSACT_evalhb_hard_ablation_wodem__888,1
270000,209.56915283203125,h1hand-hurdle-v0,888,ba5xj9s3,FastSACPro_h1hand-hurdle-v0__FastDSACT_evalhb_hard_ablation_wodem__888,1
280000,579.3020629882812,h1hand-hurdle-v0,888,ba5xj9s3,FastSACPro_h1hand-hurdle-v0__FastDSACT_evalhb_hard_ablation_wodem__888,1
290000,577.1861572265625,h1hand-hurdle-v0,888,ba5xj9s3,FastSACPro_h1hand-hurdle-v0__FastDSACT_evalhb_hard_ablation_wodem__888,1
300000,584.3215942382812,h1hand-hurdle-v0,888,ba5xj9s3,FastSACPro_h1hand-hurdle-v0__FastDSACT_evalhb_hard_ablation_wodem__888,1
