env_name,_step,mean_return,max_return,min_return,std_return,run_count
h1hand-balance_hard-v0,5000,48.914964040120445,52.12627029418945,43.876976013183594,4.417611204956215,3
h1hand-balance_hard-v0,10000,56.45535024007162,58.22393798828125,55.20318603515625,1.5752001611314623,3
h1hand-balance_hard-v0,15000,60.39690272013346,62.86646270751953,55.960655212402344,3.8501219645505906,3
h1hand-balance_hard-v0,20000,63.30122502644857,69.08003997802734,58.392051696777344,5.396802830190282,3
h1hand-balance_hard-v0,25000,67.32522710164388,74.71966552734375,61.197200775146484,6.849606773192105,3
h1hand-balance_hard-v0,30000,66.16454696655273,74.56863403320312,61.26261901855469,7.311726729151072,3
h1hand-balance_hard-v0,35000,70.88472239176433,77.69566345214844,63.13243865966797,7.327105404473804,3
h1hand-balance_hard-v0,40000,72.25307718912761,75.56534576416016,66.8108901977539,4.750003938024394,3
h1hand-balance_hard-v0,45000,70.76064046223958,74.75869750976562,65.55471801757812,4.719376413929051,3
h1hand-balance_hard-v0,50000,70.5766830444336,74.50021362304688,66.09971618652344,4.22750613029605,3
h1hand-balance_hard-v0,55000,72.4640744527181,77.28012084960938,62.92020797729492,8.26534853749935,3
h1hand-balance_hard-v0,60000,85.69139353434245,96.41352081298828,69.48727416992188,14.27567397681048,3
h1hand-balance_hard-v0,65000,95.63135019938152,103.87776947021484,85.35293579101562,9.428102613448551,3
h1hand-balance_hard-v0,70000,96.22812398274739,102.70549774169922,87.87059783935547,7.594063044225833,3
h1hand-balance_hard-v0,75000,97.5127182006836,116.95216369628906,83.2900390625,17.426865671604105,3
h1hand-balance_hard-v0,80000,104.30186208089192,114.63448333740234,94.60403442382812,10.03030124698408,3
h1hand-balance_hard-v0,85000,106.02162679036458,112.08512115478516,100.88969421386719,5.655550514397067,3
h1hand-balance_hard-v0,90000,108.47301737467448,117.97249603271484,92.03831481933594,14.290501624552428,3
h1hand-balance_hard-v0,95000,108.54534657796223,123.09104919433594,92.36793518066406,15.426415294344304,3
h1hand-balance_hard-v0,100000,106.62592315673828,113.86280822753906,101.90542602539062,6.363482024680585,3
h1hand-balance_hard-v0,105000,112.44665018717448,116.01339721679688,105.87252044677734,5.700228810581251,3
h1hand-balance_hard-v0,110000,109.23477172851562,119.2706069946289,93.99110412597656,13.420300091830734,3
h1hand-balance_hard-v0,115000,128.72396850585938,148.26736450195312,110.58656311035156,18.879706182963563,3
h1hand-balance_hard-v0,120000,120.89497629801433,133.10305786132812,103.50554656982422,15.4640856589365,3
h1hand-balance_hard-v0,125000,104.62722524007161,109.75547790527344,98.00264739990234,6.017599022361521,3
h1hand-balance_hard-v0,130000,134.2391586303711,173.79127502441406,111.56500244140625,34.3755204383417,3
h1hand-balance_hard-v0,135000,144.60166931152344,151.57809448242188,139.2015838623047,6.337044971520817,3
h1hand-balance_hard-v0,140000,124.58089701334636,136.13827514648438,109.10801696777344,13.934026005489343,3
h1hand-balance_hard-v0,145000,120.31113179524739,131.64495849609375,109.82136535644531,10.936253136961454,3
h1hand-balance_hard-v0,150000,144.8702596028646,188.09640502929688,115.05752563476562,38.32243704431037,3
h1hand-balance_hard-v0,155000,123.08180745442708,142.27651977539062,108.39089965820312,17.38597147355833,3
h1hand-balance_hard-v0,160000,149.91825103759766,169.49313354492188,118.0941390991211,27.80282132720745,3
h1hand-balance_hard-v0,165000,140.66535441080728,171.52076721191406,122.05619812011719,26.91029538575299,3
h1hand-balance_hard-v0,170000,163.98597717285156,212.177490234375,132.44049072265625,42.39475114022657,3
h1hand-balance_hard-v0,175000,147.2535858154297,161.06289672851562,136.71939086914062,12.49785412894278,3
h1hand-balance_hard-v0,180000,135.4631144205729,145.08428955078125,120.23077392578125,13.343095304016027,3
h1hand-balance_hard-v0,185000,170.67572530110678,189.85971069335938,144.77101135253906,23.283553128925032,3
h1hand-balance_hard-v0,190000,142.23395284016928,160.75042724609375,129.29617309570312,16.452474027746682,3
h1hand-balance_hard-v0,195000,167.48265075683594,200.10064697265625,140.7821044921875,30.098746335109407,3
h1hand-balance_simple-v0,5000,58.65592702229818,69.77005004882812,49.14482116699219,10.405636196093875,3
h1hand-balance_simple-v0,10000,88.86663564046223,97.99351501464844,74.51337432861328,12.58235084464531,3
h1hand-balance_simple-v0,15000,120.31674448649089,124.50534057617188,113.61404418945312,5.864778275427385,3
h1hand-balance_simple-v0,20000,146.98773701985678,190.6624298095703,108.5797119140625,41.29402481773858,3
h1hand-balance_simple-v0,25000,172.19039408365884,198.9349365234375,153.4006805419922,23.78658432908401,3
h1hand-balance_simple-v0,30000,190.41523234049478,208.83029174804688,171.98403930664062,18.423131518946015,3
h1hand-balance_simple-v0,35000,227.86295064290366,296.11627197265625,149.4378662109375,73.86634722697148,3
h1hand-balance_simple-v0,40000,279.69476318359375,401.047119140625,121.14859008789062,143.60825765421646,3
h1hand-balance_simple-v0,45000,359.2852376302083,452.2653503417969,297.5593566894531,81.95185397950726,3
h1hand-balance_simple-v0,50000,390.76830037434894,543.4842529296875,244.6204833984375,149.54010662143227,3
h1hand-balance_simple-v0,55000,368.4976094563802,430.7431640625,280.02685546875,78.70624010192331,3
h1hand-balance_simple-v0,60000,334.2120666503906,378.1495666503906,284.661865234375,46.99589760714791,3
h1hand-balance_simple-v0,65000,344.01210530598956,538.1685180664062,159.09320068359375,189.70641193610194,3
h1hand-balance_simple-v0,70000,471.0927734375,738.870849609375,325.87091064453125,232.17936272324715,3
h1hand-balance_simple-v0,75000,408.6192220052083,490.20355224609375,249.39059448242188,137.910107794977,3
h1hand-balance_simple-v0,80000,441.1588439941406,608.5853271484375,319.36224365234375,149.91351727198906,3
h1hand-balance_simple-v0,85000,405.0674794514974,637.7177734375,212.3784637451172,215.46707385051724,3
h1hand-balance_simple-v0,90000,341.5744222005208,391.43695068359375,315.409423828125,43.19983692040504,3
h1hand-balance_simple-v0,95000,500.19959513346356,711.34228515625,367.1251525878906,184.9117276878848,3
h1hand-balance_simple-v0,100000,363.1051381429036,632.2872924804688,203.570556640625,234.4492537177175,3
h1hand-balance_simple-v0,105000,465.2792256673177,681.4776000976562,313.1412048339844,192.34271937400953,3
h1hand-balance_simple-v0,110000,385.30633544921875,676.048828125,201.482666015625,254.7096123577318,3
h1hand-balance_simple-v0,115000,365.619140625,560.9825439453125,256.0693359375,169.6054137907719,3
h1hand-balance_simple-v0,120000,367.8622182210286,659.6285400390625,169.0413055419922,258.16292428015794,3
h1hand-balance_simple-v0,125000,442.78643798828125,473.3487243652344,404.499267578125,35.06875104654909,3
h1hand-balance_simple-v0,130000,539.2460530598959,708.789794921875,419.72210693359375,150.88577478941386,3
h1hand-balance_simple-v0,135000,483.68072509765625,617.5719604492188,340.51318359375,138.76213046085778,3
h1hand-balance_simple-v0,140000,444.9307861328125,568.5887451171875,320.77862548828125,123.9057989929603,3
h1hand-balance_simple-v0,145000,388.9347635904948,411.60650634765625,365.5399475097656,23.041790014333763,3
h1hand-balance_simple-v0,150000,501.696283976237,639.2979736328125,249.28953552246094,218.8876346287987,3
h1hand-balance_simple-v0,155000,332.7249043782552,517.5765380859375,218.17239379882812,161.6081230586051,3
h1hand-balance_simple-v0,160000,398.75670369466144,532.9296875,328.1942443847656,116.24919155347634,3
h1hand-balance_simple-v0,165000,465.3922627766927,522.858154296875,392.6998291015625,66.40167990276666,3
h1hand-balance_simple-v0,170000,582.8921813964844,650.6968994140625,490.3311462402344,82.99969955641505,3
h1hand-balance_simple-v0,175000,339.7902069091797,486.91790771484375,192.66250610351562,208.06998988014107,2
h1hand-balance_simple-v0,180000,575.8140258789062,617.1824951171875,534.445556640625,58.503850251391526,2
h1hand-balance_simple-v0,185000,481.9668426513672,500.69073486328125,463.2429504394531,26.479582306500838,2
h1hand-balance_simple-v0,190000,434.4229431152344,554.7240600585938,314.121826171875,170.13147114993058,2
h1hand-balance_simple-v0,195000,505.7821960449219,612.57763671875,398.98675537109375,151.031560600539,2
h1hand-balance_simple-v0,200000,467.46136474609375,574.4077758789062,360.51495361328125,151.2450650711524,2
h1hand-basketball-v0,5000,18.170264561971027,20.68718147277832,16.823314666748047,2.1815095202295334,3
h1hand-basketball-v0,10000,30.362178166707356,33.81957244873047,28.199487686157227,3.0254803973564974,3
h1hand-basketball-v0,15000,56.80252456665039,73.18174743652344,40.9960823059082,16.1004757133034,3
h1hand-basketball-v0,20000,71.25840504964192,81.55281066894531,62.63011932373047,9.570738140861154,3
h1hand-basketball-v0,25000,85.84080251057942,95.30818176269531,68.5186767578125,15.02305483394698,3
h1hand-basketball-v0,30000,108.90635681152344,133.873779296875,82.29376983642578,25.82932962029307,3
h1hand-basketball-v0,35000,120.18797810872395,145.25697326660156,101.73324584960938,22.503112392236414,3
h1hand-basketball-v0,40000,154.57630920410156,193.37771606445312,89.34541320800781,56.82929201904618,3
h1hand-basketball-v0,45000,156.12547556559244,265.24737548828125,91.48599243164062,95.03824815811964,3
h1hand-basketball-v0,50000,156.5234603881836,238.5738525390625,114.71434783935547,71.06204798710777,3
h1hand-basketball-v0,55000,201.1852569580078,327.7177734375,84.17863464355469,122.04869940256137,3
h1hand-basketball-v0,60000,190.33651987711588,264.9522399902344,89.70978546142578,90.4704875421086,3
h1hand-basketball-v0,65000,158.92660268147787,209.83682250976562,66.18250274658203,80.44685227052885,3
h1hand-basketball-v0,70000,180.09159088134766,263.6477966308594,108.6377182006836,78.21049132318697,3
h1hand-basketball-v0,75000,250.9637654622396,282.0313415527344,213.7869873046875,34.529910716729795,3
h1hand-basketball-v0,80000,241.7535654703776,334.8294677734375,186.94509887695312,81.02927938604155,3
h1hand-basketball-v0,85000,236.3559366861979,355.7543640136719,142.50057983398438,108.89733905710128,3
h1hand-basketball-v0,90000,287.409912109375,337.89691162109375,190.55575561523438,83.90345045503291,3
h1hand-basketball-v0,95000,205.68892923990884,236.2111358642578,156.8021240234375,42.771388234089656,3
h1hand-basketball-v0,100000,185.8043009440104,309.9589538574219,96.8104248046875,110.83900047751266,3
h1hand-basketball-v0,105000,261.3744201660156,387.676513671875,189.17355346679688,109.75455962752703,3
h1hand-basketball-v0,110000,243.3292999267578,347.27099609375,180.74073791503906,90.6401842485719,3
h1hand-basketball-v0,115000,194.10456339518228,319.7611083984375,82.54087829589844,119.23638671848505,3
h1hand-basketball-v0,120000,285.9533996582031,379.17578125,180.92916870117188,99.64884637115001,3
h1hand-basketball-v0,125000,295.67942301432294,353.12274169921875,248.86883544921875,52.93401997199236,3
h1hand-basketball-v0,130000,354.273193359375,485.4041748046875,196.96038818359375,145.9933917356151,3
h1hand-basketball-v0,135000,263.6176401774089,310.3446044921875,239.47422790527344,40.47425337841127,3
h1hand-basketball-v0,140000,302.01312764485675,439.94384765625,224.52786254882812,119.7549640929105,3
h1hand-basketball-v0,145000,319.5196228027344,419.667724609375,188.3900146484375,118.71072016827831,3
h1hand-basketball-v0,150000,198.5813980102539,304.5042724609375,100.7491683959961,102.1182134025594,3
h1hand-basketball-v0,155000,229.83698527018228,352.98681640625,101.17764282226562,125.9949642304558,3
h1hand-basketball-v0,160000,328.48590087890625,457.2810974121094,261.9400939941406,111.56059693183327,3
h1hand-basketball-v0,165000,304.98740641276044,395.00689697265625,139.61114501953125,143.40756504364117,3
h1hand-basketball-v0,170000,382.10247802734375,527.0858154296875,255.033203125,136.9081487417443,3
h1hand-basketball-v0,175000,348.91164143880206,581.6763916015625,154.73544311523438,216.07047605673924,3
h1hand-basketball-v0,180000,368.5693105061849,458.1795654296875,196.79042053222656,148.81140650870046,3
h1hand-basketball-v0,185000,347.4090067545573,518.5740356445312,200.76870727539062,160.31579288847158,3
h1hand-basketball-v0,190000,383.50087483723956,526.018798828125,287.80438232421875,125.82015693759648,3
h1hand-basketball-v0,195000,364.3621571858724,448.4920654296875,218.1181182861328,127.12852866678382,3
h1hand-basketball-v0,200000,316.0372314453125,395.3253173828125,242.78424072265625,76.4494067854623,3
h1hand-basketball-v0,205000,313.59523518880206,439.9541931152344,129.60488891601562,163.00369733929665,3
h1hand-basketball-v0,210000,394.0679575602214,527.4239501953125,135.94593811035156,223.5814830701723,3
h1hand-basketball-v0,215000,332.0087483723958,479.79400634765625,159.02008056640625,161.86533528090717,3
h1hand-basketball-v0,220000,274.45984903971356,372.0347900390625,109.91860961914062,143.31638724396655,3
h1hand-basketball-v0,225000,366.24315388997394,486.8966064453125,259.2107849121094,114.45243016284454,3
h1hand-basketball-v0,230000,428.36883544921875,540.8785400390625,257.62939453125,150.33478058107082,3
h1hand-basketball-v0,235000,267.8220926920573,279.6586608886719,260.5869140625,10.335011911520317,3
h1hand-basketball-v0,240000,328.3990885416667,525.3052978515625,187.24887084960938,175.78988853258335,3
h1hand-basketball-v0,245000,323.9823354085286,494.63116455078125,166.30503845214844,164.54697431180762,3
h1hand-basketball-v0,250000,323.9823354085286,494.63116455078125,187.24887084960938,164.54697431180762,3
h1hand-bookshelf_hard-v0,5000,69.8252690633138,95.91073608398438,51.86942672729492,23.118765767183138,3
h1hand-bookshelf_hard-v0,10000,386.6952260335286,579.8726806640625,236.71507263183594,175.60976941130366,3
h1hand-bookshelf_hard-v0,15000,474.09423828125,557.3260498046875,336.57940673828125,119.96772400567772,3
h1hand-bookshelf_hard-v0,20000,511.71209716796875,569.690673828125,407.0765380859375,90.79369357136547,3
h1hand-bookshelf_hard-v0,25000,499.7559509277344,645.076171875,354.4554748535156,145.31034951684742,3
h1hand-bookshelf_hard-v0,30000,419.9578857421875,529.488525390625,325.00213623046875,103.01937392943515,3
h1hand-bookshelf_hard-v0,35000,514.7955118815104,631.0284423828125,381.52313232421875,125.62237879835544,3
h1hand-bookshelf_hard-v0,40000,525.6810709635416,588.1815185546875,462.45709228515625,62.86533594220549,3
h1hand-bookshelf_hard-v0,45000,435.98472086588544,580.4791259765625,268.45245361328125,157.28387833970282,3
h1hand-bookshelf_hard-v0,50000,501.7534484863281,619.372802734375,355.8006896972656,134.05092708510196,3
h1hand-bookshelf_hard-v0,55000,473.73024495442706,567.8629150390625,426.1259765625,81.52305842665457,3
h1hand-bookshelf_hard-v0,60000,424.81903584798175,530.9095458984375,222.71290588378906,175.10151821056294,3
h1hand-bookshelf_hard-v0,65000,480.9458312988281,615.451904296875,364.4091491699219,126.48237221679867,3
h1hand-bookshelf_hard-v0,70000,600.9163411458334,671.1657104492188,555.1663818359375,61.75861783755222,3
h1hand-bookshelf_hard-v0,75000,483.0724589029948,645.9570922851562,352.8550720214844,149.25669270123936,3
h1hand-bookshelf_hard-v0,80000,544.9556274414062,593.3416748046875,484.1456298828125,55.648090357951546,3
h1hand-bookshelf_hard-v0,85000,642.8409016927084,683.3134155273438,621.837158203125,35.058626865718445,3
h1hand-bookshelf_hard-v0,90000,550.6083577473959,659.4468383789062,444.455322265625,107.52091290493682,3
h1hand-bookshelf_hard-v0,95000,623.1664632161459,676.203857421875,547.760986328125,67.0793643817739,3
h1hand-bookshelf_hard-v0,100000,636.2252604166666,666.998046875,620.5700073242188,26.65137098600597,3
h1hand-bookshelf_hard-v0,105000,604.6768900553385,687.6649169921875,505.6145324707031,92.08351484080012,3
h1hand-bookshelf_hard-v0,110000,585.4226786295573,647.0355224609375,486.8279724121094,86.26910444833932,3
h1hand-bookshelf_hard-v0,115000,522.5668741861979,678.001953125,339.09881591796875,171.1818332935917,3
h1hand-bookshelf_hard-v0,120000,447.5040791829427,653.9484252929688,220.72564697265625,217.3260228482596,3
h1hand-bookshelf_hard-v0,125000,577.7824300130209,622.6105346679688,503.8731689453125,64.48973366681345,3
h1hand-bookshelf_hard-v0,130000,481.44386800130206,615.6888427734375,333.5780334472656,141.54777656524874,3
h1hand-bookshelf_hard-v0,135000,475.779052734375,576.7667236328125,290.3514404296875,160.7980298125564,3
h1hand-bookshelf_hard-v0,140000,598.6600545247396,680.2650756835938,524.926513671875,77.96786109431781,3
h1hand-bookshelf_hard-v0,145000,605.2168172200521,674.931396484375,548.7840576171875,64.11390509053307,3
h1hand-bookshelf_hard-v0,150000,677.5880126953125,702.6046752929688,652.3958740234375,25.10486058754934,3
h1hand-bookshelf_simple-v0,5000,67.69278335571289,79.25829315185547,58.20596694946289,10.678990321649028,3
h1hand-bookshelf_simple-v0,10000,337.84715270996094,467.2383728027344,243.38111877441406,115.94327930657593,3
h1hand-bookshelf_simple-v0,15000,352.4836832682292,541.8579711914062,204.9322509765625,172.31250295742737,3
h1hand-bookshelf_simple-v0,20000,711.6754150390625,752.0686645507812,654.5357055664062,50.87732759274416,3
h1hand-bookshelf_simple-v0,25000,120.95075352986653,171.1165771484375,62.974239349365234,54.49262767983238,3
h1hand-bookshelf_simple-v0,30000,516.6618703206381,675.1012573242188,200.4962921142578,273.8076547395883,3
h1hand-bookshelf_simple-v0,35000,531.9107259114584,698.611328125,210.346435546875,278.5457283138431,3
h1hand-bookshelf_simple-v0,40000,483.1486333211263,668.7832641601562,113.49784088134766,320.12799959420306,3
h1hand-bookshelf_simple-v0,45000,646.8043212890625,695.9583740234375,566.09423828125,70.44863890083259,3
h1hand-bookshelf_simple-v0,50000,465.85145568847656,732.9833374023438,231.70289611816406,252.2626505415231,3
h1hand-bookshelf_simple-v0,55000,312.7116241455078,544.31591796875,165.12355041503906,203.07820373382063,3
h1hand-bookshelf_simple-v0,60000,385.2930628458659,676.0421142578125,109.01786041259766,283.7890860134932,3
h1hand-bookshelf_simple-v0,65000,342.37391662597656,760.1468505859375,131.32443237304688,361.8084395171822,3
h1hand-bookshelf_simple-v0,70000,624.5018615722656,749.691162109375,457.5336608886719,150.49288605435382,3
h1hand-bookshelf_simple-v0,75000,618.6363728841146,788.3129272460938,294.7183837890625,280.6273480508027,3
h1hand-bookshelf_simple-v0,80000,722.3107706705729,763.7637939453125,663.1533813476562,52.589896497745094,3
h1hand-bookshelf_simple-v0,85000,614.7363993326823,753.5902099609375,349.2906799316406,229.96447773630322,3
h1hand-bookshelf_simple-v0,90000,765.9083455403646,776.195068359375,753.4525756835938,11.525355398685265,3
h1hand-bookshelf_simple-v0,95000,773.8146565755209,797.81103515625,756.8270874023438,21.37202728702337,3
h1hand-bookshelf_simple-v0,100000,727.840087890625,729.8289184570312,725.1008911132812,2.451703026204325,3
h1hand-crawl-v0,5000,299.36265563964844,337.358642578125,233.4988555908203,57.26408205784135,3
h1hand-crawl-v0,10000,566.7222900390625,583.2257690429688,550.1890869140625,16.518361122221826,3
h1hand-crawl-v0,15000,552.2746378580729,586.0267333984375,513.3316040039062,36.62451146234149,3
h1hand-crawl-v0,20000,604.5372924804688,611.9760131835938,592.9697265625,10.153583352043524,3
h1hand-crawl-v0,25000,617.1002604166666,653.822265625,588.5826416015625,33.384668678106195,3
h1hand-crawl-v0,30000,737.8755086263021,799.696533203125,644.8294067382812,82.01957574071687,3
h1hand-crawl-v0,35000,790.4081827799479,838.5259399414062,755.1415405273438,43.15209012564059,3
h1hand-crawl-v0,40000,860.5639851888021,895.1085205078125,822.753662109375,36.28781352929038,3
h1hand-crawl-v0,45000,898.9700113932291,908.9156494140625,891.1199951171875,9.081026970359929,3
h1hand-crawl-v0,50000,906.6926879882812,914.98193359375,900.73583984375,7.403908104527503,3
h1hand-crawl-v0,55000,917.8556722005209,922.4072875976562,911.7631225585938,5.4868407216520145,3
h1hand-crawl-v0,60000,808.7821248372396,909.0111083984375,619.5486450195312,163.97707062803795,3
h1hand-crawl-v0,65000,899.9635213216146,914.7899169921875,871.8595581054688,24.351063189952423,3
h1hand-crawl-v0,70000,837.8362426757812,904.904541015625,714.171875,107.22440845985429,3
h1hand-crawl-v0,75000,837.974609375,900.8902587890625,733.40185546875,91.18430280317818,3
h1hand-crawl-v0,80000,873.8224487304688,894.872314453125,855.4326171875,19.853948385116407,3
h1hand-crawl-v0,85000,786.837158203125,838.322998046875,745.29296875,47.30511491489494,3
h1hand-crawl-v0,90000,824.3972778320312,865.740966796875,794.19189453125,37.052177065828026,3
h1hand-crawl-v0,95000,841.3706665039062,890.91357421875,794.6787109375,48.18073446726119,3
h1hand-crawl-v0,100000,824.3972778320312,865.740966796875,794.19189453125,47.30511491489494,3
h1hand-cube-v0,5000,17.58676528930664,18.309749603271484,16.705337524414062,0.8138567288241313,3
h1hand-cube-v0,10000,18.8106746673584,19.361804962158203,18.081233978271484,0.658643650790219,3
h1hand-cube-v0,15000,29.33519172668457,31.5809268951416,25.582494735717773,3.2708557815469286,3
h1hand-cube-v0,20000,32.64355595906576,48.665794372558594,15.153156280517578,16.804489016247604,3
h1hand-cube-v0,25000,115.63173929850261,165.99362182617188,38.94892883300781,67.48838374167053,3
h1hand-cube-v0,30000,185.39732360839844,232.75425720214844,116.71206665039062,60.89023345463849,3
h1hand-cube-v0,35000,192.16261291503906,233.76058959960938,130.90318298339844,54.17417356816057,3
h1hand-cube-v0,40000,196.13619995117188,233.81369018554688,122.2913818359375,63.95594592715778,3
h1hand-cube-v0,45000,240.30037434895834,242.2996368408203,237.85659790039062,2.2546270755544686,3
h1hand-cube-v0,50000,170.45561981201172,231.97169494628906,98.13025665283203,67.57228116483333,3
h1hand-cube-v0,55000,172.5748036702474,237.62779235839844,76.59707641601562,84.85268092856245,3
h1hand-cube-v0,60000,230.7424519856771,233.64035034179688,228.1485595703125,2.758488023981808,3
h1hand-cube-v0,65000,221.10384114583334,243.9185791015625,183.1051025390625,33.128313264224,3
h1hand-cube-v0,70000,186.1366424560547,212.71658325195312,156.05422973632812,28.493087910321663,3
h1hand-cube-v0,75000,173.7805201212565,229.8739471435547,61.616966247558594,97.13648773199463,3
h1hand-cube-v0,80000,218.95158894856772,235.25193786621094,193.9885711669922,21.953307990440873,3
h1hand-cube-v0,85000,211.5879872639974,234.93338012695312,181.32493591308594,27.46555701191616,3
h1hand-cube-v0,90000,172.85989888509116,228.67990112304688,144.36196899414062,48.34511503373376,3
h1hand-cube-v0,95000,216.0169881184896,232.12493896484375,190.9197540283203,22.024355299109793,3
h1hand-cube-v0,100000,211.5879872639974,232.12493896484375,181.32493591308594,27.46555701191616,3
h1hand-door-v0,5000,152.2173589070638,196.7836456298828,127.85652923583984,38.65141930896427,3
h1hand-door-v0,10000,206.72297159830728,227.18603515625,180.407470703125,23.932128826402582,3
h1hand-door-v0,15000,224.97162882486978,237.2494659423828,214.9203643798828,11.329846139583704,3
h1hand-door-v0,20000,257.15746053059894,266.0244140625,239.66397094726562,15.150283280944707,3
h1hand-door-v0,25000,266.49095662434894,283.0799865722656,248.47430419921875,17.34695629149783,3
h1hand-door-v0,30000,271.46453857421875,284.94976806640625,257.69097900390625,13.631681699773182,3
h1hand-door-v0,35000,275.64145914713544,284.0674133300781,260.9278259277344,12.787153985027885,3
h1hand-door-v0,40000,273.8672790527344,287.82293701171875,262.51068115234375,12.854723220036634,3
h1hand-door-v0,45000,282.2402852376302,292.1914367675781,265.920166015625,14.246674307622085,3
h1hand-door-v0,50000,280.3846130371094,289.0244445800781,274.4517822265625,7.654182630522499,3
h1hand-door-v0,55000,290.51279703776044,295.343994140625,283.71923828125,6.055731553024208,3
h1hand-door-v0,60000,301.58217366536456,314.07958984375,286.01336669921875,14.2829724297154,3
h1hand-door-v0,65000,308.1529947916667,317.9820556640625,301.36090087890625,8.716826993434502,3
h1hand-door-v0,70000,309.535400390625,318.5203857421875,301.306640625,8.63175318764931,3
h1hand-door-v0,75000,311.4963785807292,323.35003662109375,301.32568359375,11.108208903669464,3
h1hand-door-v0,80000,285.6484781901042,306.3418273925781,248.9908447265625,31.83437736418819,3
h1hand-door-v0,85000,250.4601033528646,292.931396484375,199.31024169921875,47.41010777800021,3
h1hand-door-v0,90000,272.7213897705078,310.71966552734375,247.4112091064453,33.50717805801684,3
h1hand-door-v0,95000,261.5472361246745,313.2746887207031,186.4925079345703,66.53233560610494,3
h1hand-door-v0,100000,294.5232849121094,321.8119201660156,259.5992431640625,31.80139728353788,3
h1hand-hurdle-v0,5000,12.467669169108072,15.319398880004883,9.07620620727539,3.156397895359544,3
h1hand-hurdle-v0,10000,15.97468630472819,18.551239013671875,12.222326278686523,3.324255741812114,3
h1hand-hurdle-v0,15000,29.104712168375652,34.440147399902344,25.76215362548828,4.669642610445026,3
h1hand-hurdle-v0,20000,27.40201695760091,46.036895751953125,11.984733581542969,17.25259769793666,3
h1hand-hurdle-v0,25000,39.10675811767578,50.10527801513672,32.163902282714844,9.63377127784725,3
h1hand-hurdle-v0,30000,54.69833628336588,74.90577697753906,41.60362243652344,17.753916093977026,3
h1hand-hurdle-v0,35000,49.4814338684082,54.30946350097656,40.8593864440918,7.48478933986188,3
h1hand-hurdle-v0,40000,70.95781962076823,88.81402587890625,60.09661102294922,15.584286098605439,3
h1hand-hurdle-v0,45000,79.4784927368164,82.21788024902344,75.32231140136719,3.659603255323553,3
h1hand-hurdle-v0,50000,70.63829803466797,83.72361755371094,54.12480926513672,15.094257892769605,3
h1hand-hurdle-v0,55000,86.07778422037761,87.20574188232422,83.872314453125,1.9101593805871628,3
h1hand-hurdle-v0,60000,80.97308603922527,90.33272552490234,67.08467102050781,12.267859040245101,3
h1hand-hurdle-v0,65000,90.0619608561198,96.2555923461914,79.88597106933594,8.881751425786721,3
h1hand-hurdle-v0,70000,114.65589904785156,131.49822998046875,105.34814453125,14.612806834312998,3
h1hand-hurdle-v0,75000,127.70023854573567,131.43438720703125,124.96410369873047,3.34860655341637,3
h1hand-hurdle-v0,80000,116.07851664225261,149.6820068359375,97.00006866455078,29.190397237884948,3
h1hand-hurdle-v0,85000,128.90807596842447,151.983154296875,86.27113342285156,36.96643505362498,3
h1hand-hurdle-v0,90000,148.30644989013672,162.48367309570312,124.0131607055664,21.13637088193207,3
h1hand-hurdle-v0,95000,172.6644083658854,189.15264892578125,161.98464965820312,14.485471760401932,3
h1hand-hurdle-v0,100000,190.57629903157553,201.1326904296875,183.57545471191406,9.302987035499582,3
h1hand-hurdle-v0,105000,221.7475128173828,297.1719055175781,167.5991973876953,67.35558826885423,3
h1hand-hurdle-v0,110000,217.10930887858072,303.03997802734375,146.4015655517578,79.42103731791198,3
h1hand-hurdle-v0,115000,215.57847595214844,281.0757141113281,156.02085876464844,62.7386526346411,3
h1hand-hurdle-v0,120000,263.7496744791667,359.5589294433594,202.2369384765625,84.08174962559463,3
h1hand-hurdle-v0,125000,273.86842854817706,464.1300048828125,132.46029663085938,171.14670057164668,3
h1hand-hurdle-v0,130000,267.6780497233073,389.7694396972656,167.47743225097656,112.75122431336952,3
h1hand-hurdle-v0,135000,319.1590983072917,456.5006408691406,216.74221801757812,123.63585385390519,3
h1hand-hurdle-v0,140000,449.4844258626302,623.42041015625,210.32754516601562,214.13022386428227,3
h1hand-hurdle-v0,145000,375.158447265625,531.90625,264.1070556640625,139.62529718700182,3
h1hand-hurdle-v0,150000,292.3975537618001,521.2073974609375,10.48733901977539,259.46768888862687,3
h1hand-hurdle-v0,155000,284.2483164469401,597.600830078125,13.651611328125,294.3131272825656,3
h1hand-hurdle-v0,160000,342.6101837158203,611.673095703125,90.25663757324219,261.1095227722988,3
h1hand-hurdle-v0,165000,355.2585703531901,663.3344116210938,82.59065246582031,291.98650521563644,3
h1hand-hurdle-v0,170000,167.5804500579834,348.9736633300781,15.423479080200195,168.68609827398535,3
h1hand-hurdle-v0,175000,209.21705118815103,403.6022033691406,98.49784851074219,168.88505016176438,3
h1hand-hurdle-v0,180000,250.1197306315104,451.99920654296875,131.36074829101562,175.7384919878335,3
h1hand-hurdle-v0,185000,293.58153279622394,538.9027099609375,130.124267578125,216.33591657103977,3
h1hand-hurdle-v0,190000,317.8471908569336,486.99072265625,119.86112213134766,185.25645696615007,3
h1hand-hurdle-v0,195000,346.42767333984375,403.9368896484375,292.527099609375,55.79249102773141,3
h1hand-hurdle-v0,200000,402.6532796223958,590.349853515625,278.89227294921875,165.27938071605365,3
h1hand-hurdle-v0,205000,462.0815836588542,618.4982299804688,307.83343505859375,155.3437494324709,3
h1hand-hurdle-v0,210000,422.3618418375651,557.787841796875,245.1730499267578,160.43721550091556,3
h1hand-hurdle-v0,215000,389.1525115966797,552.8455810546875,174.34373474121094,194.35926418036982,3
h1hand-hurdle-v0,220000,417.2038269042969,673.736328125,258.75006103515625,224.20521674218946,3
h1hand-hurdle-v0,225000,421.00855509440106,613.7125244140625,212.861083984375,200.87146545565045,3
h1hand-hurdle-v0,230000,455.6789957682292,662.9169921875,310.07470703125,184.31889482787906,3
h1hand-hurdle-v0,235000,492.0991617838542,634.378173828125,343.41607666015625,145.58672539452422,3
h1hand-hurdle-v0,240000,444.61170959472656,634.8335571289062,87.81602478027344,309.2202736301473,3
h1hand-hurdle-v0,245000,420.78600056966144,677.6129150390625,249.93179321289062,226.43159070197953,3
h1hand-hurdle-v0,250000,364.62054443359375,726.4970703125,138.98834228515625,316.56518000035385,3
h1hand-hurdle-v0,255000,562.8678385416666,658.7625732421875,439.8009033203125,111.98124657549724,3
h1hand-hurdle-v0,260000,496.6905517578125,767.044189453125,116.90850830078125,338.6001077488296,3
h1hand-hurdle-v0,265000,532.6680603027344,729.5498046875,417.15679931640625,171.35697863690174,3
h1hand-hurdle-v0,270000,523.5193684895834,686.09130859375,382.8378601074219,152.8072536087353,3
h1hand-hurdle-v0,275000,521.9899088541666,686.6746826171875,276.954345703125,216.3559003972431,3
h1hand-hurdle-v0,280000,461.30724080403644,722.62744140625,258.70806884765625,237.46876734153568,3
h1hand-hurdle-v0,285000,538.3414103190104,778.0306396484375,373.06451416015625,212.49067554639626,3
h1hand-hurdle-v0,290000,528.7906290690104,665.2595825195312,404.190185546875,130.93874008427272,3
h1hand-hurdle-v0,295000,564.3851114908854,747.8929443359375,416.34716796875,168.59488498517754,3
h1hand-hurdle-v0,300000,538.3414103190104,747.8929443359375,404.190185546875,168.59488498517754,3
h1hand-insert_normal-v0,5000,75.20572344462077,110.23172760009766,31.44977378845215,40.10994917634336,3
h1hand-insert_normal-v0,10000,117.8644536336263,146.20486450195312,70.28040313720703,41.45924755689161,3
h1hand-insert_normal-v0,15000,124.7363052368164,140.64523315429688,98.62430572509766,22.792906527478475,3
h1hand-insert_normal-v0,20000,163.01012674967447,167.173583984375,160.5304718017578,3.6275511675844236,3
h1hand-insert_normal-v0,25000,169.33940633138022,175.21417236328125,164.3450927734375,5.487770057296865,3
h1hand-insert_normal-v0,30000,171.89447021484375,174.38226318359375,168.2421875,3.231433060831205,3
h1hand-insert_normal-v0,35000,162.35149637858072,184.89236450195312,139.97874450683594,22.45728194978176,3
h1hand-insert_normal-v0,40000,165.82093811035156,185.18406677246094,153.89419555664062,16.918595950626077,3
h1hand-insert_normal-v0,45000,175.71935017903647,181.30575561523438,169.95848083496094,5.6756488154325915,3
h1hand-insert_normal-v0,50000,175.05457051595053,181.7258758544922,168.75381469726562,6.493964342118468,3
h1hand-insert_normal-v0,55000,176.85704040527344,189.06056213378906,161.0750732421875,14.33181254837072,3
h1hand-insert_normal-v0,60000,179.65303548177084,198.68505859375,149.12054443359375,26.708722134290138,3
h1hand-insert_normal-v0,65000,179.71000162760416,193.18035888671875,154.2470703125,22.063921096830086,3
h1hand-insert_normal-v0,70000,169.90001932779947,196.52047729492188,129.8912811279297,35.274593989978285,3
h1hand-insert_normal-v0,75000,195.02472941080728,206.29812622070312,172.86721801757812,19.18995488579349,3
h1hand-insert_normal-v0,80000,193.23470560709634,206.865966796875,175.07730102539062,16.370531402065094,3
h1hand-insert_normal-v0,85000,199.02799479166666,216.71372985839844,177.54544067382812,19.858262652902628,3
h1hand-insert_normal-v0,90000,199.79346720377603,225.552001953125,173.87850952148438,25.837101349051675,3
h1hand-insert_normal-v0,95000,200.2550303141276,215.96435546875,176.34494018554688,21.044332407189913,3
h1hand-insert_normal-v0,100000,199.79346720377603,216.71372985839844,176.34494018554688,21.044332407189913,3
h1hand-insert_small-v0,5000,136.2250518798828,160.37753295898438,109.05790710449219,25.79228852511072,3
h1hand-insert_small-v0,10000,161.2306111653646,171.82736206054688,150.80055236816406,10.514395900458009,3
h1hand-insert_small-v0,15000,163.40231323242188,169.2041778564453,156.9749298095703,6.1385733093093,3
h1hand-insert_small-v0,20000,170.4434560139974,173.65101623535156,168.64459228515625,2.7846704559581523,3
h1hand-insert_small-v0,25000,171.0766143798828,172.70652770996094,168.57717895507812,2.19771057916558,3
h1hand-insert_small-v0,30000,150.00016276041666,173.47833251953125,116.64120483398438,29.67890247282308,3
h1hand-insert_small-v0,35000,169.97211201985678,172.55613708496094,165.90695190429688,3.563458526481969,3
h1hand-insert_small-v0,40000,164.67056783040366,174.5330810546875,148.59500122070312,14.040923069587155,3
h1hand-insert_small-v0,45000,147.6398493448893,169.52081298828125,114.56295013427734,29.139378893327198,3
h1hand-insert_small-v0,50000,172.2493133544922,175.22976684570312,167.77322387695312,3.9468599562061413,3
h1hand-insert_small-v0,55000,149.065305074056,173.55731201171875,116.81678009033203,29.15466806241551,3
h1hand-insert_small-v0,60000,152.71271006266275,176.62698364257812,112.1758804321289,35.29473336778392,3
h1hand-insert_small-v0,65000,155.7790069580078,175.17762756347656,135.29840087890625,19.961618162456183,3
h1hand-insert_small-v0,70000,161.85518391927084,169.55230712890625,154.51907348632812,7.5231161167954355,3
h1hand-insert_small-v0,75000,158.46343994140625,171.81790161132812,143.94180297851562,13.974653568871046,3
h1hand-insert_small-v0,80000,173.01964823404947,177.98178100585938,168.54083251953125,4.738995000395878,3
h1hand-insert_small-v0,85000,167.03463236490884,172.78150939941406,164.13980102539062,4.976987481412526,3
h1hand-insert_small-v0,90000,169.79754638671875,172.39990234375,165.60110473632812,3.6690249556252863,3
h1hand-insert_small-v0,95000,174.19988505045572,176.14468383789062,172.25323486328125,1.9457251479224524,3
h1hand-insert_small-v0,100000,173.15105183919272,179.04774475097656,170.12115478515625,5.1073369745856025,3
h1hand-maze-v0,5000,132.30729166666666,150.67864990234375,118.47142028808594,16.575716896398525,3
h1hand-maze-v0,10000,136.77772013346353,174.64852905273438,116.85562133789062,32.811921489948034,3
h1hand-maze-v0,15000,157.53848266601562,184.1708221435547,129.7421875,27.232979306787993,3
h1hand-maze-v0,20000,246.04771423339844,343.3486328125,182.39404296875,85.59029113645092,3
h1hand-maze-v0,25000,339.65331013997394,358.87652587890625,311.7005920410156,24.769847435128323,3
h1hand-maze-v0,30000,318.93776448567706,328.9461975097656,306.7496032714844,11.257691156794817,3
h1hand-maze-v0,35000,342.1973368326823,355.6639404296875,330.5169677734375,12.668288511533927,3
h1hand-maze-v0,40000,339.9859313964844,355.8563232421875,328.0783996582031,14.306692658775669,3
h1hand-maze-v0,45000,343.8677062988281,347.2392578125,339.4790344238281,3.9788399229667046,3
h1hand-maze-v0,50000,343.6642557779948,355.9669189453125,336.28643798828125,10.72478014553209,3
h1hand-maze-v0,55000,346.95433553059894,351.30718994140625,342.9707946777344,4.180450439378858,3
h1hand-maze-v0,60000,340.85802205403644,358.658447265625,321.28594970703125,18.749131809795784,3
h1hand-pole-v0,5000,89.85391743977864,111.83014678955078,64.73157501220703,23.706378603450293,3
h1hand-pole-v0,10000,291.04615783691406,460.98687744140625,101.72917175292969,180.41093246017613,3
h1hand-pole-v0,15000,337.6159261067708,374.177734375,282.95654296875,48.22829151566238,3
h1hand-pole-v0,20000,418.07642618815106,454.82830810546875,391.31536865234375,32.914066876651965,3
h1hand-pole-v0,25000,552.4813842773438,651.699462890625,473.80096435546875,90.71006291288343,3
h1hand-pole-v0,30000,483.2869466145833,686.60400390625,308.41656494140625,190.69175326427867,3
h1hand-pole-v0,35000,626.2725626627604,695.4171142578125,489.03253173828125,118.85451066017066,3
h1hand-pole-v0,40000,670.9055989583334,776.512451171875,483.4761962890625,162.7536758148535,3
h1hand-pole-v0,45000,684.5506490071615,804.468994140625,471.9217224121094,184.64387593345518,3
h1hand-pole-v0,50000,585.4901580810547,797.8389282226562,247.5589141845703,295.85510262328734,3
h1hand-pole-v0,55000,521.2537740071615,770.04052734375,329.4110107421875,225.76659679653403,3
h1hand-pole-v0,60000,567.3393758138021,655.947021484375,413.38836669921875,133.83195288281564,3
h1hand-pole-v0,65000,680.3485107421875,790.4228515625,531.1795654296875,133.97037518248297,3
h1hand-pole-v0,70000,639.9415588378906,830.473388671875,309.4796447753906,287.3046147366389,3
h1hand-pole-v0,75000,761.241455078125,839.8079833984375,691.024658203125,74.74227702880184,3
h1hand-pole-v0,80000,508.60060119628906,814.4197998046875,97.30271911621094,370.0115421902131,3
h1hand-pole-v0,85000,687.9503580729166,819.3580322265625,465.53948974609375,193.67001900924558,3
h1hand-pole-v0,90000,489.67487080891925,849.64892578125,236.66444396972656,320.18495755264433,3
h1hand-pole-v0,95000,820.6496785481771,828.92333984375,804.8231201171875,13.710938664832062,3
h1hand-pole-v0,100000,654.6570536295573,832.0746459960938,321.0175476074219,289.1345779788803,3
h1hand-pole-v0,105000,750.5732625325521,860.8217163085938,554.3013916015625,170.40744874824753,3
h1hand-pole-v0,110000,841.2301635742188,873.4337768554688,810.5594482421875,31.46518126016055,3
h1hand-pole-v0,115000,744.425537109375,842.1671142578125,579.381103515625,143.74066134786645,3
h1hand-pole-v0,120000,688.6964925130209,867.776123046875,338.09326171875,303.65480809779524,3
h1hand-pole-v0,125000,817.4379272460938,845.2593383789062,774.7744140625,37.513292763189064,3
h1hand-pole-v0,130000,686.303944905599,864.3192138671875,422.6003112792969,232.993066645871,3
h1hand-pole-v0,135000,821.3864135742188,848.5121459960938,806.7236328125,23.51730919102759,3
h1hand-pole-v0,140000,782.7368367513021,827.303955078125,702.2816162109375,69.81126853397433,3
h1hand-pole-v0,145000,818.7034912109375,867.63232421875,750.2013549804688,61.11336828669381,3
h1hand-pole-v0,150000,818.7034912109375,848.5121459960938,750.2013549804688,61.11336828669381,3
h1hand-powerlift-v0,5000,96.78057098388672,111.53780364990234,77.51887512207031,17.45106059977957,3
h1hand-powerlift-v0,10000,118.6850357055664,122.00906372070312,115.22604370117188,3.393523479385065,3
h1hand-powerlift-v0,15000,116.49810282389323,127.11419677734375,98.9424057006836,15.314405709398104,3
h1hand-powerlift-v0,20000,148.61762491861978,154.76348876953125,138.01473999023438,9.221112952446957,3
h1hand-powerlift-v0,25000,154.20114135742188,169.75845336914062,140.41378784179688,14.752183348112915,3
h1hand-powerlift-v0,30000,168.68023681640625,173.98263549804688,159.50177001953125,7.980713895208173,3
h1hand-powerlift-v0,35000,179.4239501953125,193.4875030517578,160.2376708984375,17.206672519508277,3
h1hand-powerlift-v0,40000,199.7965291341146,205.97976684570312,190.65609741210938,8.078518338095604,3
h1hand-powerlift-v0,45000,253.1758015950521,283.17706298828125,212.83123779296875,36.29561556363416,3
h1hand-powerlift-v0,50000,263.1527404785156,283.01385498046875,248.75625610351562,17.770548866646124,3
h1hand-powerlift-v0,55000,242.94924926757812,279.00201416015625,210.37857055664062,34.44398272751718,3
h1hand-powerlift-v0,60000,259.23919677734375,300.4129943847656,190.76840209960938,59.7019990547806,3
h1hand-powerlift-v0,65000,297.84812418619794,326.99810791015625,267.96917724609375,29.52121617351739,3
h1hand-powerlift-v0,70000,294.75063069661456,331.84600830078125,248.13653564453125,42.65880260259097,3
h1hand-powerlift-v0,75000,285.5500793457031,312.83837890625,270.6729736328125,23.6645018965408,3
h1hand-powerlift-v0,80000,292.7622477213542,300.4415283203125,278.63861083984375,12.24700365752308,3
h1hand-powerlift-v0,85000,260.8598124186198,301.97314453125,204.57229614257812,50.44227607351899,3
h1hand-powerlift-v0,90000,293.19919840494794,315.6799011230469,281.01727294921875,19.491615064026757,3
h1hand-powerlift-v0,95000,255.40971883138022,274.60406494140625,223.96524047851562,27.452175518911734,3
h1hand-powerlift-v0,100000,297.91883341471356,312.9027099609375,287.6632080078125,13.267455816313525,3
h1hand-powerlift-v0,105000,295.06756591796875,317.992431640625,283.57464599609375,19.853539502119652,3
h1hand-powerlift-v0,110000,318.0091959635417,331.70391845703125,301.68878173828125,15.178860328233831,3
h1hand-powerlift-v0,115000,325.70094807942706,331.740234375,316.0831298828125,8.419658436949746,3
h1hand-powerlift-v0,120000,284.2688496907552,306.9273986816406,267.4844055175781,20.36703851796177,3
h1hand-powerlift-v0,125000,312.63438924153644,327.4487609863281,293.0740966796875,17.67193282722328,3
h1hand-powerlift-v0,130000,291.1537679036458,303.40155029296875,282.7117919921875,10.857239375016277,3
h1hand-powerlift-v0,135000,320.62933349609375,339.2464599609375,292.56292724609375,24.734686636949608,3
h1hand-powerlift-v0,140000,304.6101786295573,322.9246826171875,275.7513427734375,25.29265108520885,3
h1hand-powerlift-v0,145000,299.9386698404948,320.1776428222656,267.1959533691406,28.61857011219844,3
h1hand-powerlift-v0,150000,304.6101786295573,322.9246826171875,275.7513427734375,25.29265108520885,3
h1hand-reach-v0,5000,1839.0662841796875,2000.1201171875,1558.5985107421875,243.78289340357964,3
h1hand-reach-v0,10000,2666.4677734375,3300.5537109375,1855.990478515625,738.2588748847743,3
h1hand-reach-v0,15000,3798.5709635416665,4743.82080078125,2942.53076171875,903.9525543383495,3
h1hand-reach-v0,20000,4426.753743489583,4962.1484375,3424.32763671875,868.7991477940194,3
h1hand-reach-v0,25000,4198.289713541667,4759.7431640625,3131.6181640625,924.1924851147375,3
h1hand-reach-v0,30000,4692.113932291667,5513.84619140625,3511.89697265625,1048.0141358751166,3
h1hand-reach-v0,35000,5374.63671875,6485.0400390625,4608.9990234375,984.3932015272408,3
h1hand-reach-v0,40000,5350.5908203125,6133.99560546875,4637.61669921875,750.6715770546399,3
h1hand-reach-v0,45000,5424.378092447917,6214.5634765625,4547.1123046875,837.1293807836208,3
h1hand-reach-v0,50000,6232.6201171875,7393.607421875,5645.8486328125,1005.4640980209945,3
h1hand-reach-v0,55000,6177.434407552083,7479.57958984375,5518.7431640625,1127.716542703699,3
h1hand-reach-v0,60000,6481.638020833333,7877.65087890625,5123.52685546875,1377.4531526885075,3
h1hand-reach-v0,65000,6481.119140625,8192.646484375,5065.560546875,1584.4130587886434,3
h1hand-reach-v0,70000,6805.705240885417,8400.6904296875,5411.083984375,1504.8408399183102,3
h1hand-reach-v0,75000,6753.47314453125,8113.59130859375,5620.2197265625,1262.0721735643294,3
h1hand-reach-v0,80000,7241.500813802083,8720.8486328125,5965.4384765625,1388.9078524565668,3
h1hand-reach-v0,85000,7516.787109375,8259.580078125,6283.966796875,1075.1079282936473,3
h1hand-reach-v0,90000,6964.483561197917,8387.234375,5638.9033203125,1376.7398035651622,3
h1hand-reach-v0,95000,7397.0,8500.04296875,6282.517578125,1108.8069535913314,3
h1hand-reach-v0,100000,7329.901692708333,8503.9228515625,6183.53125,1160.4428972284586,3
h1hand-reach-v0,105000,7380.04541015625,8269.748046875,6158.63330078125,1093.9491526030977,3
h1hand-reach-v0,110000,7662.681966145833,8204.337890625,7180.6357421875,514.4477713782284,3
h1hand-reach-v0,115000,7874.340494791667,8374.26953125,7428.0986328125,475.3646776845897,3
h1hand-reach-v0,120000,8119.534016927083,8744.861328125,7337.17236328125,716.8625349163914,3
h1hand-reach-v0,125000,7754.083170572917,8170.63818359375,7226.38134765625,481.8406926217316,3
h1hand-reach-v0,130000,7906.268391927083,8169.5439453125,7529.681640625,334.6423656980424,3
h1hand-reach-v0,135000,7925.833333333333,8350.7509765625,7601.5556640625,384.603311655976,3
h1hand-reach-v0,140000,8058.185872395833,8466.509765625,7670.0048828125,398.6343054875014,3
h1hand-reach-v0,145000,8112.986979166667,8471.4658203125,7515.5146484375,520.8637795044984,3
h1hand-reach-v0,150000,8395.1220703125,8539.4990234375,8293.25,128.5093155501144,3
h1hand-room-v0,5000,15.276418050130209,16.54345703125,13.100862503051758,1.8925950529263005,3
h1hand-room-v0,10000,18.2683204015096,21.070343017578125,15.965376853942871,2.588818228541291,3
h1hand-room-v0,15000,21.714183171590168,23.41952133178711,20.624462127685547,1.4957698064917162,3
h1hand-room-v0,20000,25.46467399597168,29.744638442993164,19.693117141723633,5.189114187358063,3
h1hand-room-v0,25000,25.51273536682129,28.780696868896484,19.97818374633789,4.8191422879858345,3
h1hand-room-v0,30000,33.28665542602539,42.40966796875,24.60391616821289,8.911036960962406,3
h1hand-room-v0,35000,39.36367162068685,45.297698974609375,28.903240203857422,9.086298470884417,3
h1hand-room-v0,40000,56.74176152547201,75.86544799804688,38.01582717895508,18.92794505757544,3
h1hand-room-v0,45000,66.98694101969402,93.83619689941406,47.21675109863281,24.10244931180807,3
h1hand-room-v0,50000,90.15236409505208,120.68252563476562,71.36727142333984,26.673180472526276,3
h1hand-room-v0,55000,107.79384104410808,134.7384033203125,86.6288070678711,24.570012686623194,3
h1hand-room-v0,60000,125.06781768798828,161.81040954589844,95.94730377197266,33.58659300466587,3
h1hand-room-v0,65000,131.83541870117188,139.82261657714844,122.40003967285156,8.80110606594634,3
h1hand-room-v0,70000,148.26202901204428,160.70758056640625,138.10125732421875,11.47504365618992,3
h1hand-room-v0,75000,165.7374471028646,175.43544006347656,150.45639038085938,13.392766013206575,3
h1hand-room-v0,80000,155.3037567138672,168.99481201171875,136.1779327392578,17.070132519204996,3
h1hand-room-v0,85000,145.41709645589194,155.24017333984375,127.96651458740234,15.152466454442893,3
h1hand-room-v0,90000,152.68561299641928,163.16104125976562,139.80299377441406,11.863621783231764,3
h1hand-room-v0,95000,144.27483113606772,158.52227783203125,131.611572265625,13.525115778445237,3
h1hand-room-v0,100000,140.3593546549479,166.07107543945312,111.5367431640625,27.399937589727458,3
h1hand-run-v0,5000,13.086421330769857,14.98193359375,10.402925491333008,2.3890411022153306,3
h1hand-run-v0,10000,18.202211380004883,20.853933334350586,16.537805557250977,2.321278657300486,3
h1hand-run-v0,15000,22.677569071451824,26.564823150634766,18.03305435180664,4.315999590750587,3
h1hand-run-v0,20000,32.746941884358726,50.23178482055664,20.615737915039062,15.516882619205841,3
h1hand-run-v0,25000,45.07629140218099,67.48997497558594,31.856632232666016,19.514900520194672,3
h1hand-run-v0,30000,57.79039510091146,72.32510375976562,47.91636657714844,12.854495991821096,3
h1hand-run-v0,35000,87.39307276407878,106.88636016845703,57.471309661865234,26.30639909180864,3
h1hand-run-v0,40000,90.97388331095378,119.64743041992188,61.60396957397461,29.02799565254565,3
h1hand-run-v0,45000,105.88616689046223,191.1204071044922,51.65423583984375,74.72322672304021,3
h1hand-run-v0,50000,132.51358540852866,206.15017700195312,92.09385681152344,63.87277224559477,3
h1hand-run-v0,55000,143.51819356282553,207.7417449951172,93.2662353515625,58.502689168005915,3
h1hand-run-v0,60000,172.49560038248697,192.40975952148438,159.75827026367188,17.468832066768496,3
h1hand-run-v0,65000,253.14221700032553,319.09539794921875,135.20887756347656,102.37194807279356,3
h1hand-run-v0,70000,399.40052795410156,595.638916015625,105.57389831542969,259.1978569818105,3
h1hand-run-v0,75000,493.11435953776044,715.1497802734375,187.2623291015625,273.7429603157892,3
h1hand-run-v0,80000,593.3335164388021,801.1932373046875,252.61700439453125,297.4427105345453,3
h1hand-run-v0,85000,704.6875406901041,777.828125,650.16162109375,65.83740093373459,3
h1hand-run-v0,90000,576.739896774292,870.4447021484375,3.6371097564697266,496.37312041146043,3
h1hand-run-v0,95000,652.3377990722656,799.5015869140625,367.5306091308594,246.69619173775303,3
h1hand-run-v0,100000,889.7545369466146,900.1189575195312,881.3685302734375,9.530489056012595,3
h1hand-run-v0,105000,833.7135416666666,865.8154296875,783.4033203125,44.120250395850796,3
h1hand-run-v0,110000,878.4087524414062,886.2909545898438,872.756591796875,7.0373686762015355,3
h1hand-run-v0,115000,883.1313273111979,891.352294921875,878.0798950195312,7.181477243281799,3
h1hand-run-v0,120000,874.5194498697916,905.283447265625,820.3380126953125,47.066060786140675,3
h1hand-run-v0,125000,867.9051513671875,901.5465087890625,835.130615234375,33.216430625930805,3
h1hand-run-v0,130000,571.5371119181315,799.5979614257812,120.03333282470703,391.02055981474183,3
h1hand-run-v0,135000,701.2252807617188,865.4501953125,553.2557373046875,156.7307331691669,3
h1hand-run-v0,140000,718.4203084309896,913.656005859375,512.6791381835938,200.6947578342132,3
h1hand-run-v0,145000,894.9166666666666,910.0126953125,867.39599609375,23.870998268558647,3
h1hand-run-v0,150000,718.4203084309896,910.0126953125,553.2557373046875,156.7307331691669,3
h1hand-sit_hard-v0,5000,53.9840202331543,90.80108642578125,30.233776092529297,32.32887485136354,3
h1hand-sit_hard-v0,10000,390.29864501953125,412.8706970214844,376.454833984375,19.71459898058367,3
h1hand-sit_hard-v0,15000,421.02987353007,661.944580078125,21.89815330505371,348.12257132924594,3
h1hand-sit_hard-v0,20000,704.8720296223959,880.3438720703125,402.02923583984375,263.3699721703083,3
h1hand-sit_hard-v0,25000,640.935302734375,855.06005859375,387.3572998046875,236.33426893495226,3
h1hand-sit_hard-v0,30000,645.9884643554688,874.5880126953125,333.20013427734375,280.3409031026498,3
h1hand-sit_hard-v0,35000,628.4348958333334,853.8457641601562,290.27838134765625,298.22094877517554,3
h1hand-sit_hard-v0,40000,677.8276875813802,883.120849609375,383.4695129394531,261.46184599851244,3
h1hand-sit_hard-v0,45000,599.8245493570963,877.5798950195312,178.92457580566406,370.67182538812864,3
h1hand-sit_hard-v0,50000,613.9500122070312,775.6223754882812,343.7550048828125,235.49995679612766,3
h1hand-sit_hard-v0,55000,631.3302917480469,799.044189453125,299.8363342285156,287.08892642195036,3
h1hand-sit_hard-v0,60000,545.423350016276,707.8344116210938,242.58908081054688,262.4924996737056,3
h1hand-sit_hard-v0,65000,432.43385823567706,569.3192749023438,267.52789306640625,152.83446238136622,3
h1hand-sit_hard-v0,70000,388.4011739095052,526.0462646484375,191.95559692382812,174.6346656660958,3
h1hand-sit_hard-v0,75000,500.86773681640625,642.5421142578125,360.44049072265625,141.05494675034083,3
h1hand-sit_hard-v0,80000,587.8037516276041,728.8988647460938,350.94000244140625,206.3781702103333,3
h1hand-sit_hard-v0,85000,522.6080322265625,625.23095703125,416.39398193359375,104.46479157443054,3
h1hand-sit_hard-v0,90000,684.5652872721354,888.9556884765625,394.69482421875,257.97980776505796,3
h1hand-sit_hard-v0,95000,648.7815144856771,812.4832763671875,365.72283935546875,246.13670302276816,3
h1hand-sit_hard-v0,100000,592.6624247233073,695.9903564453125,464.5182189941406,117.71458361542311,3
h1hand-sit_hard-v0,105000,798.8542277018229,866.68359375,734.2044067382812,66.29680141628563,3
h1hand-sit_hard-v0,110000,768.48974609375,822.1602783203125,679.1640625,77.88097841575397,3
h1hand-sit_hard-v0,115000,839.2637939453125,880.7042236328125,810.069091796875,36.87545043237822,3
h1hand-sit_hard-v0,120000,503.97605387369794,829.1067504882812,325.7031555175781,282.00922775567045,3
h1hand-sit_hard-v0,125000,710.4968668619791,810.0296630859375,624.5639038085938,93.47782390910137,3
h1hand-sit_hard-v0,130000,580.637685139974,888.686279296875,271.1174011230469,308.78706939492014,3
h1hand-sit_hard-v0,135000,746.4125162760416,893.7138671875,603.2425537109375,145.27972076463786,3
h1hand-sit_hard-v0,140000,773.1982421875,830.6088256835938,737.85791015625,50.15979547985809,3
h1hand-sit_hard-v0,145000,788.7086588541666,847.0236206054688,733.0543823242188,57.031186669991676,3
h1hand-sit_hard-v0,150000,773.1982421875,847.0236206054688,733.0543823242188,57.031186669991676,3
h1hand-sit_simple-v0,5000,447.25872802734375,540.3980712890625,370.4530944824219,86.14183850073577,3
h1hand-sit_simple-v0,10000,823.7271118164062,875.5640869140625,791.3703002929688,45.351471928244024,3
h1hand-sit_simple-v0,15000,900.7501627604166,964.415283203125,797.7376708984375,90.03620571249361,3
h1hand-sit_simple-v0,20000,938.0743815104166,957.908203125,911.587158203125,23.866516633706546,3
h1hand-sit_simple-v0,25000,874.4015299479166,917.1843872070312,845.184326171875,37.86848839184981,3
h1hand-sit_simple-v0,30000,852.3571166992188,924.8606567382812,773.0174560546875,76.15207684074622,3
h1hand-sit_simple-v0,35000,843.1597290039062,919.7911376953125,803.928466796875,66.37106180195885,3
h1hand-sit_simple-v0,40000,789.0655110677084,923.3009033203125,685.6337890625,121.79106648454042,3
h1hand-sit_simple-v0,45000,802.0467936197916,865.071044921875,724.986083984375,71.08949072909986,3
h1hand-sit_simple-v0,50000,886.1257527669271,935.889404296875,839.6898193359375,48.186048992148734,3
h1hand-sit_simple-v0,55000,739.9292195638021,797.9490966796875,667.1256103515625,66.65294588226281,3
h1hand-sit_simple-v0,60000,721.0068562825521,785.37109375,647.4140014648438,69.44001268427249,3
h1hand-sit_simple-v0,65000,654.4640299479166,743.149658203125,527.1063232421875,113.09433179440688,3
h1hand-sit_simple-v0,70000,802.3780517578125,912.6635131835938,689.0546875,111.8353627933115,3
h1hand-sit_simple-v0,75000,780.3524780273438,902.7363891601562,562.326904296875,189.28853653762044,3
h1hand-sit_simple-v0,80000,884.5720011393229,897.1175537109375,867.88525390625,15.049716206156546,3
h1hand-sit_simple-v0,85000,858.9670613606771,882.7382202148438,811.6729736328125,40.958069474024455,3
h1hand-sit_simple-v0,90000,846.6683553059896,877.1373291015625,788.9021606445312,50.0521222168538,3
h1hand-sit_simple-v0,95000,900.891357421875,913.6588134765625,879.686279296875,18.491305235125434,3
h1hand-sit_simple-v0,100000,836.4118855794271,909.4389038085938,755.15234375,77.47203680877475,3
h1hand-slide-v0,5000,40.8086051940918,41.53535461425781,40.332210540771484,0.6394505824167287,3
h1hand-slide-v0,10000,40.873331705729164,44.33668899536133,34.11578369140625,5.852819466383977,3
h1hand-slide-v0,15000,61.614463806152344,67.25972747802734,56.42533493041992,5.431579851489052,3
h1hand-slide-v0,20000,85.3449223836263,105.53359985351562,70.86227416992188,18.02621101531837,3
h1hand-slide-v0,25000,131.82239532470703,162.25039672851562,110.6246566772461,27.02226067289204,3
h1hand-slide-v0,30000,172.5749715169271,237.195068359375,135.63104248046875,56.15416757910098,3
h1hand-slide-v0,35000,206.42032877604166,252.1285858154297,175.79893493652344,40.33936020480019,3
h1hand-slide-v0,40000,264.4431406656901,327.80401611328125,230.30313110351562,54.92722363948515,3
h1hand-slide-v0,45000,318.46131388346356,421.2421569824219,260.58203125,89.24702571664092,3
h1hand-slide-v0,50000,344.09522501627606,462.3486328125,280.76678466796875,102.4966142404808,3
h1hand-slide-v0,55000,337.7556966145833,409.4722900390625,295.1080322265625,62.47837900222748,3
h1hand-slide-v0,60000,352.16297403971356,414.072998046875,274.6241760253906,71.02596302423574,3
h1hand-slide-v0,65000,373.05434163411456,439.80853271484375,336.2174072265625,57.914264262949736,3
h1hand-slide-v0,70000,357.32928466796875,400.92327880859375,289.1212463378906,59.82735155984512,3
h1hand-slide-v0,75000,435.0023193359375,446.6166687011719,421.4909362792969,12.66983267662454,3
h1hand-slide-v0,80000,454.3385823567708,490.41986083984375,394.5590515136719,52.13951538762879,3
h1hand-slide-v0,85000,466.1853739420573,521.6810302734375,409.02032470703125,56.348902377776426,3
h1hand-slide-v0,90000,471.59763590494794,552.328125,419.5032958984375,70.89168203979018,3
h1hand-slide-v0,95000,506.2290445963542,645.1917114257812,408.3917236328125,123.64072593255453,3
h1hand-slide-v0,100000,534.0325724283854,754.6240234375,376.9789733886719,196.67673968026725,3
h1hand-slide-v0,105000,498.84576416015625,644.50146484375,373.7955017089844,136.52423844410518,3
h1hand-slide-v0,110000,465.52211507161456,505.29193115234375,423.65008544921875,40.861500447050304,3
h1hand-slide-v0,115000,558.5021158854166,669.969482421875,431.281494140625,120.12124177131076,3
h1hand-slide-v0,120000,664.2226257324219,905.9920654296875,455.0100402832031,227.24691047449357,3
h1hand-slide-v0,125000,665.1648356119791,890.853515625,483.3092041015625,207.27781736006364,3
h1hand-slide-v0,130000,698.4479573567709,881.5211181640625,524.9759521484375,178.46638477288647,3
h1hand-slide-v0,135000,775.8757934570312,883.9771728515625,675.4854125976562,104.4595526854771,3
h1hand-slide-v0,140000,719.6876017252604,802.387939453125,649.1353759765625,77.34513250055386,3
h1hand-slide-v0,145000,787.3257039388021,882.9736938476562,632.350830078125,135.43527727510678,3
h1hand-slide-v0,150000,774.3152058919271,883.4189453125,695.3036499023438,97.6012075721701,3
h1hand-slide-v0,155000,791.0712687174479,895.2781372070312,721.2404174804688,91.97045663428493,3
h1hand-slide-v0,160000,779.8720296223959,854.059326171875,652.40234375,110.88572675887214,3
h1hand-slide-v0,165000,714.0887044270834,855.1397705078125,582.158447265625,136.71902785007762,3
h1hand-slide-v0,170000,829.2999674479166,873.6275024414062,752.8572998046875,66.48230418736479,3
h1hand-slide-v0,175000,805.6146647135416,927.4630126953125,742.2412109375,105.5521856755274,3
h1hand-slide-v0,180000,796.4825439453125,838.917236328125,759.591796875,39.95225692409433,3
h1hand-slide-v0,185000,746.1710408528646,845.0612182617188,644.5556640625,100.28055319919063,3
h1hand-slide-v0,190000,822.1221720377604,892.9916381835938,748.3194580078125,72.38068034058311,3
h1hand-slide-v0,195000,821.3910522460938,886.2738037109375,712.8985595703125,94.55739509191778,3
h1hand-slide-v0,200000,746.5450032552084,871.2874755859375,660.070556640625,110.68639508244169,3
h1hand-spoon-v0,5000,217.74825541178384,246.74520874023438,167.0863800048828,44.02736518769909,3
h1hand-spoon-v0,10000,302.8322245279948,343.02227783203125,267.25738525390625,38.092714359183915,3
h1hand-spoon-v0,15000,342.1965026855469,371.9458312988281,282.7364501953125,51.49391958462171,3
h1hand-spoon-v0,20000,332.60056559244794,376.29638671875,300.72528076171875,39.147692430441275,3
h1hand-spoon-v0,25000,363.99156697591144,375.1083068847656,355.58526611328125,10.03977789140436,3
h1hand-spoon-v0,30000,320.9783986409505,363.1785888671875,240.97007751464844,69.32402998505107,3
h1hand-spoon-v0,35000,376.9206848144531,378.869873046875,373.97430419921875,2.5956585044627962,3
h1hand-spoon-v0,40000,354.9385986328125,380.3076171875,327.6298828125,26.392380412393063,3
h1hand-spoon-v0,45000,355.7941385904948,377.84722900390625,312.39056396484375,37.59023984469674,3
h1hand-spoon-v0,50000,352.9184112548828,355.5310974121094,350.30572509765625,3.6948961977742494,2
h1hand-stair-v0,5000,29.08538881937663,41.89927673339844,15.624814987182617,13.14916297795838,3
h1hand-stair-v0,10000,40.657362620035805,43.30287170410156,37.92768478393555,2.6885817619695396,3
h1hand-stair-v0,15000,44.707314809163414,47.393280029296875,40.496673583984375,3.6924616187108525,3
h1hand-stair-v0,20000,52.52279917399088,63.45793914794922,43.28313064575195,10.193708456323447,3
h1hand-stair-v0,25000,76.38967895507812,93.60152435302734,48.60066223144531,24.29355496548532,3
h1hand-stair-v0,30000,160.8916219075521,215.80068969726562,108.766357421875,53.57144054471893,3
h1hand-stair-v0,35000,238.0661163330078,273.1383056640625,201.12124633789062,36.04503305796105,3
h1hand-stair-v0,40000,358.47168986002606,389.61029052734375,322.47686767578125,33.82914840056978,3
h1hand-stair-v0,45000,421.62549845377606,465.56591796875,381.40924072265625,42.20176082843035,3
h1hand-stair-v0,50000,427.9047546386719,482.795166015625,373.7283630371094,54.53690719291224,3
h1hand-stair-v0,55000,418.0496419270833,455.0200500488281,366.28118896484375,46.18314589703304,3
h1hand-stair-v0,60000,463.9610290527344,513.231689453125,429.588134765625,43.76663839689683,3
h1hand-stair-v0,65000,421.5832824707031,493.44268798828125,289.54248046875,114.49966820359846,3
h1hand-stair-v0,70000,505.5048828125,545.6278076171875,455.73681640625,45.71508659738986,3
h1hand-stair-v0,75000,501.0990397135417,549.6912231445312,440.52593994140625,55.5600713776069,3
h1hand-stair-v0,80000,513.8681030273438,570.609130859375,452.33770751953125,59.28099127678701,3
h1hand-stair-v0,85000,533.8160400390625,562.423583984375,513.0330810546875,25.60807572368655,3
h1hand-stair-v0,90000,547.9554443359375,582.6900634765625,526.3677368164062,30.375682444728287,3
h1hand-stair-v0,95000,568.0194295247396,579.0621337890625,549.1152954101562,16.44855135539318,3
h1hand-stair-v0,100000,482.8855692545573,503.8502502441406,470.79547119140625,18.226992926559898,3
h1hand-stair-v0,105000,495.38819376627606,563.0205688476562,419.9807434082031,71.83618003559198,3
h1hand-stair-v0,110000,535.4609375,579.6531982421875,513.2518310546875,38.27178720314039,3
h1hand-stair-v0,115000,550.8176879882812,566.554443359375,542.0694580078125,13.656802051289873,3
h1hand-stair-v0,120000,556.4745279947916,577.94580078125,535.125,21.410659990588783,3
h1hand-stair-v0,125000,542.0081075032552,563.021240234375,511.6617736816406,26.92174182871661,3
h1hand-stair-v0,130000,569.8015950520834,585.63525390625,558.7236938476562,14.071991305928147,3
h1hand-stair-v0,135000,476.80251057942706,564.2845458984375,337.47381591796875,121.97062708823448,3
h1hand-stair-v0,140000,531.5336100260416,572.273193359375,505.9996337890625,35.657454198336445,3
h1hand-stair-v0,145000,521.5062662760416,549.9527587890625,501.6358642578125,25.27434609277015,3
h1hand-stair-v0,150000,509.1636657714844,569.77880859375,448.54852294921875,85.72275706443021,2
h1hand-stair-v0,155000,539.3550109863281,589.4718627929688,489.2381591796875,70.87593152839372,2
h1hand-stair-v0,160000,545.2142486572266,607.701171875,482.7273254394531,88.36985428554144,2
h1hand-stair-v0,165000,575.3214111328125,610.823486328125,539.8193359375,50.20751623360039,2
h1hand-stair-v0,170000,527.3987426757812,553.9789428710938,500.81854248046875,37.59007960680293,2
h1hand-stair-v0,175000,456.2220458984375,587.627685546875,324.81640625,185.835637763132,2
h1hand-stair-v0,180000,522.9646911621094,591.6448974609375,454.28448486328125,97.12847921438481,2
h1hand-stair-v0,185000,527.5487670898438,529.4588623046875,525.638671875,2.701282558255982,2
h1hand-stair-v0,190000,527.3059997558594,551.5303955078125,503.08160400390625,34.2584690127053,2
h1hand-stair-v0,195000,566.9672546386719,580.619140625,553.3153686523438,19.306682313836433,2
h1hand-stair-v0,200000,527.5487670898438,551.5303955078125,525.638671875,19.306682313836433,2
h1hand-balance_hard-v0,200000,164.21875,193.62451171875,138.11019897460938,24.918274,3
h1hand-balance_hard-v0,205000,171.40690104166666,198.7327880859375,145.82418823242188,22.507913,3
h1hand-balance_hard-v0,210000,159.8443806966146,188.54736328125,134.66763305664062,26.284177,3
h1hand-balance_hard-v0,215000,168.99300130208334,196.11825561523438,143.28689575195312,21.936524,3
h1hand-balance_hard-v0,220000,162.5576171875,191.0042724609375,137.51217651367188,24.107611,3
h1hand-balance_hard-v0,225000,169.7412109375,197.826171875,144.00592041015625,22.864903,3
h1hand-balance_hard-v0,230000,161.90885416666666,190.33700561523438,136.48223876953125,25.449861,3
h1hand-balance_hard-v0,235000,166.8720703125,194.9852294921875,141.73214721679688,23.118442,3
h1hand-balance_hard-v0,240000,160.68424479166666,188.99246215820312,135.94094848632812,24.782155,3
h1hand-balance_hard-v0,245000,165.93326822916666,193.7711181640625,140.8446044921875,22.396718,3
h1hand-balance_hard-v0,250000,159.51725260416666,187.68539428710938,134.92523193359375,25.063497,3
h1hand-stand-v0,5000,48.88989512125651,70.52538299560547,36.51221466064453,18.80170613609254,3
h1hand-stand-v0,10000,84.82065327962239,104.25403594970703,59.98796844482422,22.621572248323517,3
h1hand-stand-v0,15000,139.35955301920572,144.25001525878906,131.02781677246094,7.251786558996224,3
h1hand-stand-v0,20000,267.5546518961589,380.94659423828125,149.71510314941406,115.67988813896324,3
h1hand-stand-v0,25000,394.79796346028644,508.6553649902344,331.1956481933594,98.82898381995292,3
h1hand-stand-v0,30000,530.0640869140625,598.633544921875,403.1141357421875,110.05985338920308,3
h1hand-stand-v0,35000,819.9828491210938,885.2752685546875,756.205810546875,64.54807148141096,3
h1hand-stand-v0,40000,665.4944864908854,754.5740356445312,596.00927734375,81.07804427811729,3
h1hand-stand-v0,45000,683.0487670898438,809.8426513671875,561.3311157226562,124.33351093940603,3
h1hand-stand-v0,50000,787.876708984375,914.7913208007812,695.140380859375,113.74423133220206,3
h1hand-walk-v0,5000,38.40747833251953,43.699134826660156,33.949615478515625,4.9279499546678105,3
h1hand-walk-v0,10000,46.70367177327474,57.2748908996582,35.44078063964844,10.933476132308904,3
h1hand-walk-v0,15000,63.09646860758463,72.0239028930664,51.50774383544922,10.513802637967238,3
h1hand-walk-v0,20000,96.41217295328777,126.16973114013672,78.16679382324219,25.98977102129515,3
h1hand-walk-v0,25000,188.95582580566406,295.93914794921875,115.81669616699219,94.7105930386924,3
h1hand-walk-v0,30000,368.0478871663411,795.9622802734375,149.64512634277344,370.6113987896754,3
h1hand-walk-v0,35000,663.7223103841146,902.64599609375,269.34478759765625,344.0814246179002,3
h1hand-walk-v0,40000,914.4646199544271,930.734375,890.8300170898438,20.946841828861693,3
h1hand-walk-v0,45000,918.7469889322916,941.370361328125,902.177734375,20.285580074868847,3
h1hand-walk-v0,50000,910.7792561848959,933.7760009765625,885.4644775390625,24.239034323273366,3
h1hand-walk-v0,55000,934.7389933268229,935.649658203125,934.2759399414062,0.7886967102279446,3
h1hand-walk-v0,60000,928.5260213216146,943.5441284179688,899.672607421875,24.994786944191514,3
h1hand-walk-v0,65000,842.6007080078125,934.305419921875,773.0889892578125,82.86785316514609,3
h1hand-walk-v0,70000,688.3531697591146,915.71923828125,441.66656494140625,237.6161749907286,3
h1hand-walk-v0,75000,702.0146687825521,946.522216796875,566.6174926757812,212.15726430111778,3
h1hand-walk-v0,80000,881.7897542317709,912.018798828125,831.171875,44.111616457124256,3
h1hand-walk-v0,85000,685.0264689127604,936.7357177734375,223.34234619140625,400.37433908019125,3
h1hand-walk-v0,90000,735.5690307617188,922.314697265625,459.95318603515625,243.65543950387345,3
h1hand-window-v0,5000,33.81262175242106,57.54389190673828,15.115687370300293,21.657482253181392,3
h1hand-window-v0,10000,159.66675821940103,280.69873046875,43.905914306640625,118.48437889422901,3
h1hand-window-v0,15000,177.73194630940756,279.68243408203125,55.39757537841797,113.52335213684178,3
h1hand-window-v0,20000,157.29954783121744,234.19969177246094,117.19442749023438,66.61804026497786,3
h1hand-window-v0,25000,261.52537027994794,335.6162414550781,164.619384765625,87.75179958924586,3
h1hand-window-v0,30000,449.21319580078125,511.3214111328125,391.33197021484375,60.106298045103934,3
h1hand-window-v0,35000,472.29795328776044,512.7943115234375,434.0718078613281,39.410322827365306,3
h1hand-window-v0,40000,456.45855712890625,498.3163146972656,422.21502685546875,38.61779182927288,3
h1hand-window-v0,45000,444.18133544921875,498.052490234375,412.938720703125,46.852177742120766,3
h1hand-window-v0,50000,527.0468139648438,584.223388671875,496.2716064453125,49.56463599416493,3
h1hand-window-v0,55000,464.63035074869794,549.18896484375,391.01519775390625,79.65271278800063,3
h1hand-window-v0,60000,325.13929239908856,525.55859375,203.02163696289062,174.94537129654873,3
h1hand-window-v0,65000,390.87685139973956,466.30731201171875,335.9659729003906,67.55002670533364,3
h1hand-window-v0,70000,394.8076578776042,578.0860595703125,273.1636962890625,161.5348725893924,3
h1hand-window-v0,75000,500.45607503255206,526.6629638671875,461.06072998046875,34.73276271449757,3
h1hand-window-v0,80000,385.46825154622394,490.25750732421875,306.82855224609375,94.46901538734788,3
h1hand-window-v0,85000,462.0963541666667,530.991943359375,354.28289794921875,94.56464435907667,3
h1hand-window-v0,90000,443.44118245442706,486.428466796875,378.45611572265625,57.24887747073816,3
h1hand-window-v0,95000,385.26300048828125,447.16912841796875,263.9432373046875,105.07338784928922,3
h1hand-window-v0,100000,466.12109375,491.2858581542969,451.6438293457031,21.875548089198684,3
h1hand-window-v0,105000,468.6746012369792,528.7380981445312,359.9287109375,94.34847042786708,3
h1hand-window-v0,110000,456.5869649251302,486.1712951660156,436.662353515625,26.129800071210596,3
h1hand-window-v0,115000,420.2792154947917,554.679443359375,209.67236328125,184.69720767246557,3
h1hand-window-v0,120000,378.52569580078125,482.38360595703125,210.64385986328125,146.74780988521152,3
h1hand-window-v0,125000,378.42323811848956,500.413818359375,270.6623229980469,115.53484293610978,3
h1hand-window-v0,130000,487.992919921875,579.6993408203125,387.6905517578125,96.29258279512996,3
h1hand-window-v0,135000,374.8917185465495,461.97650146484375,227.87779235839844,128.0397518785486,3
h1hand-window-v0,140000,390.14793904622394,433.7726745605469,320.6607666015625,60.82947610749449,3
h1hand-window-v0,145000,441.1356913248698,509.84210205078125,344.9447326660156,85.81570886972051,3
h1hand-window-v0,150000,415.7745869954427,494.1175537109375,348.4888916015625,73.44129794435472,3
h1hand-window-v0,155000,455.5594787597656,517.8983154296875,369.9008483886719,76.70509856807459,3
h1hand-window-v0,160000,475.70281982421875,497.8082275390625,461.85089111328125,19.347414490317426,3
h1hand-window-v0,165000,418.78741455078125,493.8157958984375,316.19354248046875,91.96362561581026,3
h1hand-window-v0,170000,508.511962890625,560.3900146484375,428.6351318359375,70.19819098680705,3
h1hand-window-v0,175000,451.01905314127606,479.8061828613281,418.0777893066406,31.07315988746646,3
h1hand-window-v0,180000,415.4017028808594,437.2314453125,377.70245361328125,32.78423628198946,3
h1hand-window-v0,185000,444.2005208333333,500.214599609375,388.50604248046875,55.85496434766026,3
h1hand-window-v0,190000,517.3739217122396,603.126220703125,398.00091552734375,106.6154851324768,3
h1hand-window-v0,195000,470.16644287109375,535.7409057617188,393.5470275878906,71.73749352705394,3
h1hand-window-v0,200000,412.1737976074219,436.34063720703125,377.5776672363281,30.738400079405015,3
h1hand-window-v0,205000,471.6612955729167,549.2322998046875,321.3602294921875,130.18704439974513,3
h1hand-window-v0,210000,496.0009765625,596.7076416015625,372.1571044921875,114.04925993154183,3
h1hand-window-v0,215000,400.1440124511719,426.7059326171875,357.9070129394531,36.98112926313099,3
h1hand-window-v0,220000,503.88526407877606,593.63037109375,348.5751037597656,135.04481912721974,3
h1hand-window-v0,225000,437.2495422363281,586.9574584960938,335.82830810546875,132.34487257632165,3
h1hand-window-v0,230000,427.0088806152344,583.7891845703125,325.35101318359375,137.75497945133617,3
h1hand-window-v0,235000,447.36212158203125,475.608154296875,392.82080078125,47.24423887811192,3
h1hand-window-v0,240000,383.1491394042969,440.13726806640625,289.7947082519531,81.50216126274826,3
h1hand-window-v0,245000,445.4686686197917,505.0697937011719,363.1659851074219,73.62535765447686,3
h1hand-window-v0,250000,366.50677490234375,501.15631103515625,175.48886108398438,169.9937278007636,3
