env_name,_step,mean_return,max_return,min_return,std_return,run_count
h1hand-basketball-v0,10000,20.849123001098633,21.489641189575195,20.281951904296875,0.6071764153332038,3
h1hand-basketball-v0,20000,71.12620798746745,107.41734313964844,49.789031982421875,31.590682682385598,3
h1hand-basketball-v0,30000,102.8416035970052,188.51104736328125,36.610992431640625,77.79336624496689,3
h1hand-basketball-v0,40000,126.56783294677734,194.6809844970703,68.04812622070312,63.85918756535446,3
h1hand-basketball-v0,50000,176.66478983561197,205.71905517578125,129.79345703125,40.978775398600035,3
h1hand-basketball-v0,60000,143.99994405110678,155.88723754882812,122.44580078125,18.69942276268862,3
h1hand-basketball-v0,70000,263.5973358154297,374.0302734375,131.01963806152344,123.00949161520573,3
h1hand-basketball-v0,80000,289.0605112711589,412.4704895019531,137.41688537597656,139.68348302859562,3
h1hand-basketball-v0,90000,307.23468017578125,458.22601318359375,163.62371826171875,147.43975193759636,3
h1hand-basketball-v0,100000,450.0620981852214,591.6741943359375,193.78211975097656,222.35347574284265,3
h1hand-basketball-v0,110000,485.16469319661456,630.7123413085938,221.4853515625,228.7640816320783,3
h1hand-basketball-v0,120000,471.95899454752606,686.45751953125,230.06924438476562,229.4237865510076,3
h1hand-basketball-v0,130000,587.5384979248047,809.7210693359375,239.64930725097656,305.1181231531573,3
h1hand-basketball-v0,140000,583.3538106282552,828.21337890625,250.43319702148438,298.78678923773685,3
h1hand-basketball-v0,150000,586.7053934733073,764.32763671875,259.6584167480469,283.58167893588507,3
h1hand-basketball-v0,160000,561.4039204915365,809.3106689453125,253.34860229492188,282.8194525136579,3
h1hand-basketball-v0,170000,578.3526204427084,800.67236328125,267.67205810546875,277.2689256772747,3
h1hand-basketball-v0,180000,546.2793375651041,780.5579833984375,279.055908203125,252.36897972534823,3
h1hand-basketball-v0,190000,660.25146484375,870.2379150390625,313.058349609375,302.8721161339551,3
h1hand-basketball-v0,200000,678.154774983724,902.92724609375,331.2171936035156,304.80539964884315,3
h1hand-basketball-v0,210000,623.0683288574219,772.436279296875,341.6497497558594,243.86940133202813,3
h1hand-basketball-v0,220000,682.4061177571615,910.586669921875,366.0270690917969,282.7905953223781,3
h1hand-basketball-v0,230000,619.8156127929688,803.0484619140625,370.96502685546875,223.39044127197758,3
h1hand-basketball-v0,240000,666.9587198893229,849.0341796875,382.05657958984375,249.8940063615558,3
h1hand-basketball-v0,250000,659.4803975423177,893.9346313476562,361.4162902832031,271.898157208013,3
