env_name,temperature,_step,mean_return,max_return,min_return,std_return
h1hand-hurdle-v0,0.5,10000,12.696949,13.479918,11.205858,1.1554791
h1hand-hurdle-v0,0.5,20000,20.54632,24.509796,18.087988,3.0995476
h1hand-hurdle-v0,0.5,30000,23.271942,26.064873,20.387087,2.5401812
h1hand-hurdle-v0,0.5,40000,33.965847,39.57802,26.047089,6.309471
h1hand-hurdle-v0,0.5,50000,63.285095,79.46458,41.482315,17.535772
h1hand-hurdle-v0,0.5,60000,57.193787,64.67915,52.874428,5.8210373
h1hand-hurdle-v0,0.5,70000,82.43876,90.19251,73.26994,7.6469684
h1hand-hurdle-v0,0.5,80000,94.6485,105.91516,86.93781,8.922719
h1hand-hurdle-v0,0.5,90000,114.23072,145.85425,98.023605,24.498032
h1hand-hurdle-v0,0.5,100000,138.05829,165.76416,117.86542,22.197409
h1hand-hurdle-v0,0.5,110000,147.51598,183.78014,127.47658,28.14186
h1hand-hurdle-v0,0.5,120000,175.18083,233.37735,145.25575,45.084904
h1hand-hurdle-v0,0.5,130000,196.6017,261.8153,161.98466,50.546234
h1hand-hurdle-v0,0.5,140000,226.39803,312.07254,182.69644,66.36769
h1hand-hurdle-v0,0.5,150000,251.7372,351.28876,193.9801,77.44203
h1hand-hurdle-v0,0.5,160000,304.62955,475.66718,209.92204,132.73985
h1hand-hurdle-v0,0.5,170000,352.2982,529.98413,253.84482,137.90309
h1hand-hurdle-v0,0.5,180000,410.2235,637.41516,283.1375,176.39505
h1hand-hurdle-v0,0.5,190000,470.0868,725.01764,338.52982,197.50249
h1hand-hurdle-v0,0.5,200000,522.56244,842.04346,357.77057,247.51018
h1hand-hurdle-v0,0.5,210000,582.829,866.4763,400.42596,222.69
h1hand-hurdle-v0,0.5,220000,623.96686,880.2095,438.36694,205.03462
h1hand-hurdle-v0,0.5,230000,664.50977,908.2505,512.26196,190.74579
h1hand-hurdle-v0,0.5,240000,740.63824,915.74554,627.0393,137.62347
h1hand-hurdle-v0,0.5,250000,794.90576,866.82446,725.28894,63.32172
h1hand-hurdle-v0,0.5,260000,832.8811,901.5126,763.02515,61.940723
h1hand-hurdle-v0,0.5,270000,839.8056,900.74554,779.0923,54.405273
h1hand-hurdle-v0,0.5,280000,872.5044,910.5704,814.32007,45.77854
h1hand-hurdle-v0,0.5,290000,886.49677,910.3871,845.3356,32.02047
h1hand-hurdle-v0,0.5,300000,893.9827,913.46106,863.4852,26.748167
h1hand-hurdle-v0,5.0,10000,15.090747,19.470613,10.434201,4.046885
h1hand-hurdle-v0,5.0,20000,26.224852,33.86702,19.840128,6.348184
h1hand-hurdle-v0,5.0,30000,43.61572,70.47647,20.137838,22.66411
h1hand-hurdle-v0,5.0,40000,59.464275,80.14485,30.141994,23.342333
h1hand-hurdle-v0,5.0,50000,69.408554,92.5482,34.75871,27.33891
h1hand-hurdle-v0,5.0,60000,73.344696,87.17598,45.983604,21.19424
h1hand-hurdle-v0,5.0,70000,101.06189,143.5057,64.96686,35.466244
h1hand-hurdle-v0,5.0,80000,107.794106,135.83261,91.13138,21.84685
h1hand-hurdle-v0,5.0,90000,107.80685,116.72424,97.90494,8.450727
h1hand-hurdle-v0,5.0,100000,127.98865,128.93517,127.05137,0.84248984
h1hand-hurdle-v0,5.0,110000,134.01196,135.89792,131.66144,1.9284849
h1hand-hurdle-v0,5.0,120000,157.33943,164.14609,149.23459,6.744014
h1hand-hurdle-v0,5.0,130000,172.75398,178.93991,169.29468,4.802779
h1hand-hurdle-v0,5.0,140000,193.68721,209.70712,181.53067,12.951363
h1hand-hurdle-v0,5.0,150000,224.52452,241.6378,202.1059,18.150543
h1hand-hurdle-v0,5.0,160000,267.50766,294.08832,246.2662,21.782913
h1hand-hurdle-v0,5.0,170000,309.73843,349.54202,285.4271,31.082958
h1hand-hurdle-v0,5.0,180000,354.11514,416.54523,316.0034,48.749973
h1hand-hurdle-v0,5.0,190000,439.9099,507.86005,382.70575,56.58627
h1hand-hurdle-v0,5.0,200000,498.407,557.3419,440.888,52.091324
h1hand-hurdle-v0,5.0,210000,539.35986,631.5956,468.64838,74.755165
h1hand-hurdle-v0,5.0,220000,634.65045,755.8237,538.7875,99.021774
h1hand-hurdle-v0,5.0,230000,705.57965,806.1172,609.46204,88.01347
h1hand-hurdle-v0,5.0,240000,730.36053,840.89557,634.4005,93.03494
h1hand-hurdle-v0,5.0,250000,780.0197,875.3025,671.49396,91.72137
h1hand-hurdle-v0,5.0,260000,818.8769,890.5717,738.2811,68.45451
h1hand-hurdle-v0,5.0,270000,833.47974,900.6304,745.92804,70.966774
h1hand-hurdle-v0,5.0,280000,853.4688,907.62415,784.2094,56.419136
h1hand-hurdle-v0,5.0,290000,871.419,913.5571,807.12354,50.59835
h1hand-hurdle-v0,5.0,300000,872.2933,913.1046,832.6287,40.250202
h1hand-hurdle-v0,10.0,10000,12.419149398803711,15.520060539245605,8.577373504638672,3.5301396930726052
h1hand-hurdle-v0,10.0,20000,16.040073076883953,19.09577178955078,12.719023704528809,3.1966446884828503
h1hand-hurdle-v0,10.0,30000,23.70121192932129,27.0760498046875,21.597034454345703,2.9522594215551092
h1hand-hurdle-v0,10.0,40000,34.26073773701986,40.60788345336914,30.98502540588379,5.497738310465963
h1hand-hurdle-v0,10.0,50000,68.93903350830078,77.92894744873047,55.99394226074219,11.489938372218921
h1hand-hurdle-v0,10.0,60000,101.29045486450195,175.9434814453125,53.79408645629883,65.44640354040399
h1hand-hurdle-v0,10.0,70000,135.3553721110026,238.1365203857422,68.03477478027344,90.42532261179095
h1hand-hurdle-v0,10.0,80000,160.49918111165366,275.92816162109375,87.61160278320312,101.10939500254024
h1hand-hurdle-v0,10.0,90000,180.9102579752604,299.959228515625,109.13845825195312,103.82432157907014
h1hand-hurdle-v0,10.0,100000,221.73247273763022,333.3956604003906,137.80929565429688,100.70073315948623
h1hand-hurdle-v0,10.0,110000,188.8229522705078,207.26315307617188,161.54196166992188,24.108639717956574
h1hand-hurdle-v0,10.0,120000,212.9522501627604,222.11279296875,208.17828369140625,7.935627017116061
h1hand-hurdle-v0,10.0,130000,216.1552734375,273.21490478515625,140.9716796875,67.95900349422821
h1hand-hurdle-v0,10.0,140000,279.6028137207031,366.10223388671875,175.95199584960938,96.22840583123394
h1hand-hurdle-v0,10.0,150000,329.1344909667969,457.78594970703125,210.27450561523438,124.04589252547814
h1hand-hurdle-v0,10.0,160000,442.6233723958333,673.034423828125,233.50857543945312,220.53546356872522
h1hand-hurdle-v0,10.0,170000,494.1425374348958,740.3392333984375,260.1748046875,240.31568884663278
h1hand-hurdle-v0,10.0,180000,599.8681131998698,824.80859375,357.5653991699219,234.10496808890016
h1hand-hurdle-v0,10.0,190000,689.2640380859375,879.5852661132812,418.30633544921875,240.97975796053188
h1hand-hurdle-v0,10.0,200000,766.7169392903646,889.147705078125,576.1052856445312,167.28826675247086
h1hand-hurdle-v0,10.0,210000,844.0342814127604,905.76171875,807.85595703125,53.721061270702926
h1hand-hurdle-v0,10.0,220000,869.7505289713541,878.4548950195312,853.8169555664062,13.818577871089186
h1hand-hurdle-v0,10.0,230000,890.6197916666666,916.3319091796875,851.995849609375,34.05610885076606
h1hand-hurdle-v0,10.0,240000,905.6269938151041,916.6734619140625,893.5685424804688,11.585655271074806
h1hand-hurdle-v0,10.0,250000,902.6856282552084,923.6319580078125,885.258544921875,19.42726253195911
h1hand-hurdle-v0,10.0,260000,892.9981079101562,912.569091796875,882.103515625,16.985218906120334
h1hand-hurdle-v0,10.0,270000,903.4464518229166,920.07373046875,893.3890380859375,14.504845589725468
h1hand-hurdle-v0,10.0,280000,903.6522827148438,910.2492065429688,892.7099609375,9.542963198349064
h1hand-hurdle-v0,10.0,290000,909.4506225585938,918.902099609375,904.6325073242188,8.185740484980345
h1hand-hurdle-v0,10.0,300000,904.6518961588541,913.6355590820312,897.148193359375,8.342722492925015
h1hand-room-v0,0.5,10000,15.298736,16.49991,14.549722,0.9398494
h1hand-room-v0,0.5,20000,30.01945,39.1355,23.076374,7.376463
h1hand-room-v0,0.5,30000,54.50865,73.60945,35.894245,16.87096
h1hand-room-v0,0.5,40000,104.24609,171.81532,43.215435,57.734203
h1hand-room-v0,0.5,50000,137.403,183.29327,54.40677,64.40852
h1hand-room-v0,0.5,60000,137.3478,183.77426,46.99288,69.99752
h1hand-room-v0,0.5,70000,150.6364,197.43637,69.33617,63.214653
h1hand-room-v0,0.5,80000,165.5577,197.74776,117.87134,37.684605
h1hand-room-v0,0.5,90000,170.9764,191.45027,139.84097,24.51337
h1hand-room-v0,0.5,100000,179.59392,193.84415,161.67429,16.395832
h1hand-room-v0,5.0,10000,18.420907974243164,22.938961029052734,15.236724853515625,4.020636426826496
h1hand-room-v0,5.0,20000,39.579278310139976,59.23554611206055,28.42508316040039,17.074398565136306
h1hand-room-v0,5.0,30000,68.68903160095215,139.43081665039062,27.202192306518555,61.568700805487985
h1hand-room-v0,5.0,40000,95.83557891845703,175.3394317626953,31.56763458251953,73.08681206044893
h1hand-room-v0,5.0,50000,125.26688003540039,191.87649536132812,41.6839714050293,76.52135700110033
h1hand-room-v0,5.0,60000,142.50094604492188,193.0924072265625,64.13784790039062,68.81691258295987
h1hand-room-v0,5.0,70000,150.1103057861328,187.5742645263672,86.43296813964844,55.43235863607552
h1hand-room-v0,5.0,80000,162.70504506429037,189.92694091796875,116.66010284423828,40.096604547187674
h1hand-room-v0,5.0,90000,174.84496053059897,187.58114624023438,155.25634765625,17.217432137504353
h1hand-room-v0,5.0,100000,172.24708048502603,180.8409881591797,160.28628540039062,10.68297240947893
h1hand-stair-v0,0.5,10000,35.560699462890625,44.20515060424805,25.043529510498047,9.717110555304748
h1hand-stair-v0,0.5,20000,44.88690948486328,46.40367126464844,42.94091796875,1.7708313646350142
h1hand-stair-v0,0.5,30000,90.12452697753906,162.8067626953125,52.669410705566406,62.95451956900985
h1hand-stair-v0,0.5,40000,237.65386454264322,434.884765625,57.6463623046875,189.2080530414329
h1hand-stair-v0,0.5,50000,379.8493245442708,545.5516357421875,155.81549072265625,201.30943987396742
h1hand-stair-v0,0.5,60000,486.60829671223956,593.3369750976562,307.404541015625,156.13717314741825
h1hand-stair-v0,0.5,70000,540.9758911132812,620.157470703125,382.64337158203125,137.11998501506721
h1hand-stair-v0,0.5,80000,629.7862548828125,665.4705810546875,570.552001953125,51.655914011743555
h1hand-stair-v0,0.5,90000,659.961669921875,697.6912841796875,625.0418701171875,36.40612082949632
h1hand-stair-v0,0.5,100000,671.5578206380209,693.716064453125,648.5491943359375,22.59543984582603
h1hand-stair-v0,0.5,110000,685.0971069335938,698.6776733398438,670.6346435546875,14.042299903704356
h1hand-stair-v0,0.5,120000,693.4722290039062,704.79345703125,681.2937622070312,11.773277281150053
h1hand-stair-v0,0.5,130000,696.4571533203125,711.9654541015625,684.954345703125,13.943922541507062
h1hand-stair-v0,0.5,140000,696.5973714192709,712.9981689453125,682.013671875,15.571966750592814
h1hand-stair-v0,0.5,150000,703.2084350585938,723.338134765625,684.4966430664062,19.459527642545176
h1hand-stair-v0,5.0,10000,34.51954,43.973503,22.339508,9.902768
h1hand-stair-v0,5.0,20000,55.50588,81.01534,41.79091,19.778202
h1hand-stair-v0,5.0,30000,177.38965,415.12854,57.243027,184.15529
h1hand-stair-v0,5.0,40000,335.33743,539.8019,199.17288,161.25925
h1hand-stair-v0,5.0,50000,521.88544,621.51733,451.92044,79.250854
h1hand-stair-v0,5.0,60000,585.7141,642.50464,522.6702,53.81003
h1hand-stair-v0,5.0,70000,625.62506,654.3001,591.0604,28.647238
h1hand-stair-v0,5.0,80000,644.6867,669.2555,625.73303,19.94388
h1hand-stair-v0,5.0,90000,644.6046,665.3447,628.29553,16.920668
h1hand-stair-v0,5.0,100000,655.52515,675.14233,638.4005,16.544485
h1hand-stair-v0,5.0,110000,662.56506,689.46063,647.3755,20.891386
h1hand-stair-v0,5.0,120000,663.82477,685.75415,643.84265,18.803986
h1hand-stair-v0,5.0,130000,671.0401,684.60767,663.8612,10.515347
h1hand-stair-v0,5.0,140000,676.3743,691.56946,667.7145,11.808371
h1hand-stair-v0,5.0,150000,680.99097,693.2895,674.096,10.676921
