env_name,support,v_max,v_min,_step,mean_return,max_return,min_return,std_return,run_count
h1hand-balance_hard-v0,250.0,250.0,-250.0,5000,46.60283342997233,60.70991134643555,21.48045539855957,21.811469023392053,3
h1hand-balance_hard-v0,250.0,250.0,-250.0,10000,65.98318227132161,68.04612731933594,63.03343200683594,2.6213729595310284,3
h1hand-balance_hard-v0,250.0,250.0,-250.0,15000,68.66815694173177,70.81498718261719,66.30577087402344,2.2623231787876676,3
h1hand-balance_hard-v0,250.0,250.0,-250.0,20000,72.14951070149739,73.58476257324219,71.15095520019531,1.2743164333252184,3
h1hand-balance_hard-v0,250.0,250.0,-250.0,25000,77.13579813639323,80.67323303222656,72.34934997558594,4.300207307469945,3
h1hand-balance_hard-v0,250.0,250.0,-250.0,30000,77.06669108072917,82.48426055908203,73.24468994140625,4.8220115142065465,3
h1hand-balance_hard-v0,250.0,250.0,-250.0,35000,77.96190643310547,80.28864288330078,76.7591552734375,2.01539770195264,3
h1hand-balance_hard-v0,250.0,250.0,-250.0,40000,77.43961334228516,82.82228088378906,73.1756820678711,4.91964381894605,3
h1hand-balance_hard-v0,250.0,250.0,-250.0,45000,78.94195302327473,86.00420379638672,74.51982116699219,6.180649805306489,3
h1hand-balance_hard-v0,250.0,250.0,-250.0,50000,78.90641021728516,83.30694580078125,76.68704986572266,3.8110234310552,3
h1hand-balance_hard-v0,250.0,250.0,-250.0,55000,78.62797037760417,84.3204345703125,75.28700256347656,4.954581200201558,3
h1hand-balance_hard-v0,250.0,250.0,-250.0,60000,81.07857513427734,81.84757995605469,80.38188934326172,0.7355166719830984,3
h1hand-balance_hard-v0,250.0,250.0,-250.0,65000,79.64415995279948,83.8148193359375,76.16676330566406,3.8708720175688884,3
h1hand-balance_hard-v0,250.0,250.0,-250.0,70000,83.72203826904297,89.32723236083984,78.75973510742188,5.31300113978209,3
h1hand-balance_hard-v0,250.0,250.0,-250.0,75000,83.66346486409505,85.95769500732422,82.50379943847656,1.9869012240072759,3
h1hand-balance_hard-v0,250.0,250.0,-250.0,80000,82.76377868652344,85.81954956054688,79.56144714355469,3.1316244167607548,3
h1hand-balance_hard-v0,250.0,250.0,-250.0,85000,82.4891866048177,83.20382690429688,81.30270385742188,1.0346708083162575,3
h1hand-balance_hard-v0,250.0,250.0,-250.0,90000,80.69895680745442,82.58090209960938,78.42127990722656,2.107858350331417,3
h1hand-balance_hard-v0,250.0,250.0,-250.0,95000,82.42127990722656,83.11361694335938,81.54298400878906,0.8016592029294481,3
h1hand-balance_hard-v0,250.0,250.0,-250.0,100000,83.91520182291667,85.90052795410156,81.12026977539062,2.4908459142657016,3
h1hand-balance_hard-v0,250.0,250.0,-250.0,105000,83.35440063476562,90.83868408203125,79.12103271484375,6.500167475933315,3
h1hand-balance_hard-v0,250.0,250.0,-250.0,110000,84.84140523274739,90.93598937988281,80.07498931884766,5.550977726786849,3
h1hand-balance_hard-v0,250.0,250.0,-250.0,115000,85.43081665039062,87.77871704101562,83.90078735351562,2.0642842608982725,3
h1hand-balance_hard-v0,250.0,250.0,-250.0,120000,86.90646870930989,92.77436828613281,83.01168060302734,5.171788313131954,3
h1hand-balance_hard-v0,250.0,250.0,-250.0,125000,85.1005350748698,85.93814086914062,83.43191528320312,1.4450708874663518,3
h1hand-balance_hard-v0,250.0,250.0,-250.0,130000,84.28153991699219,87.43283081054688,80.28729248046875,3.6465889961242257,3
h1hand-balance_hard-v0,250.0,250.0,-250.0,135000,85.2297592163086,87.9059829711914,83.58824920654297,2.3374517356187527,3
h1hand-balance_hard-v0,250.0,250.0,-250.0,140000,83.65903218587239,88.74758911132812,78.50733947753906,5.1204167541215755,3
h1hand-balance_hard-v0,250.0,250.0,-250.0,145000,81.19344584147136,88.73831176757812,75.81695556640625,6.728057018368194,3
h1hand-balance_hard-v0,250.0,250.0,-250.0,150000,83.90594991048177,86.15208435058594,81.70219421386719,2.225247744778437,3
h1hand-balance_hard-v0,250.0,250.0,-250.0,155000,84.82028706868489,86.14877319335938,83.18063354492188,1.508337530477947,3
h1hand-balance_hard-v0,250.0,250.0,-250.0,160000,83.88159434000652,85.48922729492188,81.786376953125,1.898967903140579,3
h1hand-balance_hard-v0,250.0,250.0,-250.0,165000,84.20633697509766,87.94869232177734,79.3125991821289,4.431679967279637,3
h1hand-balance_hard-v0,250.0,250.0,-250.0,170000,82.10951741536458,87.07305908203125,79.3426513671875,4.307997062334058,3
h1hand-balance_hard-v0,250.0,250.0,-250.0,175000,79.0136489868164,80.94896697998047,77.66204071044922,1.719450159337563,3
h1hand-balance_hard-v0,250.0,250.0,-250.0,180000,82.36815643310547,84.94303894042969,80.70598602294922,2.2611804186353646,3
h1hand-balance_hard-v0,250.0,250.0,-250.0,185000,81.82720947265625,83.67913818359375,80.3873291015625,1.6841435906453606,3
h1hand-balance_hard-v0,250.0,250.0,-250.0,190000,80.1377944946289,81.69026184082031,77.22708129882812,2.522621449720556,3
h1hand-balance_hard-v0,250.0,250.0,-250.0,195000,83.03052520751953,85.9173583984375,79.16218566894531,3.482901905622073,3
h1hand-balance_hard-v0,250.0,250.0,-250.0,200000,83.5164566040039,86.45439910888672,79.57794189453125,3.5457403328026826,3
h1hand-balance_hard-v0,250.0,250.0,-250.0,205000,83.31993357340495,87.06077575683594,81.15248107910156,3.2532526546713036,3
h1hand-balance_hard-v0,250.0,250.0,-250.0,210000,81.68811798095703,83.48143005371094,78.78997802734375,2.53336022185345,3
h1hand-balance_hard-v0,250.0,250.0,-250.0,215000,81.76364644368489,84.28590393066406,77.71408081054688,3.542134583908283,3
h1hand-balance_hard-v0,250.0,250.0,-250.0,220000,82.24185943603516,85.77075958251953,77.52008056640625,4.252722162666073,3
h1hand-balance_hard-v0,250.0,250.0,-250.0,225000,81.2493184407552,84.92529296875,76.46221923828125,4.339568270406043,3
h1hand-balance_hard-v0,250.0,250.0,-250.0,230000,84.74312591552734,88.44977569580078,81.38899230957031,3.5435668819260426,3
h1hand-balance_hard-v0,250.0,250.0,-250.0,235000,79.73782602945964,81.0816421508789,77.31358337402344,2.103582149100731,3
h1hand-balance_hard-v0,250.0,250.0,-250.0,240000,81.7891337076823,84.0604248046875,77.34805297851562,3.8464235555997988,3
h1hand-balance_hard-v0,250.0,250.0,-250.0,245000,82.36515808105469,84.99612426757812,78.20646667480469,3.643531366273375,3
h1hand-basketball-v0,250.0,250.0,-250.0,5000,20.390254974365234,23.60957908630371,18.27975845336914,2.832643811819637,3
h1hand-basketball-v0,250.0,250.0,-250.0,10000,29.00401560465495,31.149559020996094,26.314552307128906,2.462967541127235,3
h1hand-basketball-v0,250.0,250.0,-250.0,15000,47.575775146484375,52.06786346435547,41.258296966552734,5.6312270491421215,3
h1hand-basketball-v0,250.0,250.0,-250.0,20000,66.08198420206706,72.94803619384766,59.8017692565918,6.592684383467362,3
h1hand-basketball-v0,250.0,250.0,-250.0,25000,65.72731018066406,72.43363189697266,62.34775924682617,5.8079049284633415,3
h1hand-basketball-v0,250.0,250.0,-250.0,30000,87.47133890787761,103.48665618896484,62.934715270996094,21.577174851230684,3
h1hand-basketball-v0,250.0,250.0,-250.0,35000,114.1753412882487,141.8448486328125,71.30611419677734,37.645741781080254,3
h1hand-basketball-v0,250.0,250.0,-250.0,40000,141.10992940266928,164.38348388671875,106.60061645507812,30.486007336873826,3
h1hand-basketball-v0,250.0,250.0,-250.0,45000,129.2739003499349,150.3404998779297,106.26559448242188,22.10151553711724,3
h1hand-basketball-v0,250.0,250.0,-250.0,50000,192.1347401936849,251.0899200439453,144.13125610351562,54.31384425721164,3
h1hand-basketball-v0,250.0,250.0,-250.0,55000,159.70081583658853,192.056884765625,140.49649047851562,28.18412379297662,3
h1hand-basketball-v0,250.0,250.0,-250.0,60000,188.7869669596354,205.722412109375,166.8877716064453,19.887469366654923,3
h1hand-basketball-v0,250.0,250.0,-250.0,65000,269.30872599283856,320.66705322265625,222.68731689453125,49.16132603755414,3
h1hand-basketball-v0,250.0,250.0,-250.0,70000,311.19324747721356,386.8099060058594,270.287353515625,65.55916558599655,3
h1hand-basketball-v0,250.0,250.0,-250.0,75000,272.0695292154948,358.2236328125,175.57275390625,91.7636313302649,3
h1hand-basketball-v0,250.0,250.0,-250.0,80000,309.34703572591144,337.8904113769531,274.20440673828125,32.351806829906586,3
h1hand-basketball-v0,250.0,250.0,-250.0,85000,345.45412190755206,474.59124755859375,279.4759521484375,111.84491453690207,3
h1hand-basketball-v0,250.0,250.0,-250.0,90000,300.704345703125,338.20526123046875,252.84255981445312,43.61431444197128,3
h1hand-basketball-v0,250.0,250.0,-250.0,95000,301.9890492757161,451.4730224609375,163.35826110839844,144.36368188045867,3
h1hand-basketball-v0,250.0,250.0,-250.0,100000,324.9430440266927,329.04876708984375,317.5423889160156,6.421963684742197,3
h1hand-basketball-v0,250.0,250.0,-250.0,105000,330.62188720703125,425.43585205078125,274.7032470703125,82.55128263145616,3
h1hand-basketball-v0,250.0,250.0,-250.0,110000,313.0486348470052,361.00189208984375,236.9200439453125,66.66680830691874,3
h1hand-basketball-v0,250.0,250.0,-250.0,115000,353.44874064127606,429.1271667480469,295.6470947265625,68.51216577544103,3
h1hand-basketball-v0,250.0,250.0,-250.0,120000,386.1152038574219,466.12249755859375,320.16571044921875,73.98690585252635,3
h1hand-basketball-v0,250.0,250.0,-250.0,125000,373.5509948730469,458.89208984375,260.11859130859375,102.32090277093147,3
h1hand-basketball-v0,250.0,250.0,-250.0,130000,330.5300547281901,450.7112121582031,231.40037536621094,111.16062400975285,3
h1hand-basketball-v0,250.0,250.0,-250.0,135000,383.7266845703125,424.79742431640625,321.1224365234375,55.089878909586616,3
h1hand-basketball-v0,250.0,250.0,-250.0,140000,357.8708902994792,390.45343017578125,329.00634765625,30.89180498302704,3
h1hand-basketball-v0,250.0,250.0,-250.0,145000,327.43456013997394,358.41644287109375,301.96044921875,28.62815864757602,3
h1hand-basketball-v0,250.0,250.0,-250.0,150000,368.4839782714844,443.91766357421875,262.5035400390625,94.48597324692042,3
h1hand-basketball-v0,250.0,250.0,-250.0,155000,317.6596171061198,378.0583190917969,259.2210693359375,59.44286867064472,3
h1hand-basketball-v0,250.0,250.0,-250.0,160000,305.64104715983075,368.370361328125,215.2788848876953,80.19931895237718,3
h1hand-basketball-v0,250.0,250.0,-250.0,165000,339.5481872558594,390.3923645019531,258.719970703125,70.77207628743872,3
h1hand-basketball-v0,250.0,250.0,-250.0,170000,346.3526865641276,429.23284912109375,238.11231994628906,98.05161462475341,3
h1hand-basketball-v0,250.0,250.0,-250.0,175000,285.78882853190106,331.9564514160156,234.88079833984375,48.71113015651778,3
h1hand-basketball-v0,250.0,250.0,-250.0,180000,241.18570963541666,289.34857177734375,212.32839965820312,41.98279393518097,3
h1hand-basketball-v0,250.0,250.0,-250.0,185000,331.66754150390625,368.7431945800781,289.5074768066406,39.86180093670499,3
h1hand-basketball-v0,250.0,250.0,-250.0,190000,328.9039306640625,403.37274169921875,220.5518798828125,96.00480368498145,3
h1hand-basketball-v0,250.0,250.0,-250.0,195000,264.0506896972656,398.67413330078125,164.28741455078125,121.01944880983943,3
h1hand-basketball-v0,250.0,250.0,-250.0,200000,325.7554880777995,464.3155517578125,213.92652893066406,127.3168474721405,3
h1hand-basketball-v0,250.0,250.0,-250.0,205000,299.35399373372394,399.27001953125,159.99462890625,124.418691863643,3
h1hand-basketball-v0,250.0,250.0,-250.0,210000,287.514643351237,331.6060791015625,222.72312927246094,57.31704914748012,3
h1hand-basketball-v0,250.0,250.0,-250.0,215000,319.0254821777344,336.244384765625,299.60748291015625,18.417183933673787,3
h1hand-basketball-v0,250.0,250.0,-250.0,220000,279.1771748860677,344.9124450683594,239.14785766601562,57.37712087905473,3
h1hand-basketball-v0,250.0,250.0,-250.0,225000,416.44789632161456,498.365966796875,369.66314697265625,71.18192641183032,3
h1hand-basketball-v0,250.0,250.0,-250.0,230000,271.3337707519531,316.8306579589844,184.76324462890625,75.00488834920594,3
h1hand-basketball-v0,250.0,250.0,-250.0,235000,339.71706136067706,435.3486328125,261.52880859375,88.21300838264396,3
h1hand-basketball-v0,250.0,250.0,-250.0,240000,332.60498046875,358.82891845703125,282.53009033203125,43.38235507786967,3
h1hand-basketball-v0,250.0,250.0,-250.0,245000,355.0922444661458,442.8685607910156,283.885498046875,80.77633654121259,3
h1hand-basketball-v0,2000.0,2000.0,-2000.0,5000,13.411588033040365,14.975679397583008,12.432130813598633,1.368852681074788,3
h1hand-basketball-v0,2000.0,2000.0,-2000.0,10000,19.717612584431965,21.26248550415039,18.225828170776367,1.5190245989418822,3
h1hand-basketball-v0,2000.0,2000.0,-2000.0,15000,26.82354990641276,27.98337173461914,25.174270629882812,1.467119183790901,3
h1hand-basketball-v0,2000.0,2000.0,-2000.0,20000,31.227811177571613,32.0617790222168,30.224639892578125,0.93018406704354,3
h1hand-basketball-v0,2000.0,2000.0,-2000.0,25000,42.72628657023112,56.445274353027344,35.747066497802734,11.881595166340592,3
h1hand-basketball-v0,2000.0,2000.0,-2000.0,30000,60.165103912353516,97.40719604492188,41.34373474121094,32.25321998117975,3
h1hand-basketball-v0,2000.0,2000.0,-2000.0,35000,110.99777603149414,238.56105041503906,44.70856475830078,110.5014916476809,3
h1hand-basketball-v0,2000.0,2000.0,-2000.0,40000,104.29671478271484,198.83816528320312,50.25486755371094,82.15480807538565,3
h1hand-basketball-v0,2000.0,2000.0,-2000.0,45000,129.89578247070312,246.7726593017578,66.08221435546875,101.36096523131978,3
h1hand-basketball-v0,2000.0,2000.0,-2000.0,50000,145.45135498046875,170.03485107421875,118.73387145996094,25.716979879037005,3
h1hand-basketball-v0,2000.0,2000.0,-2000.0,55000,109.0679448445638,117.01092529296875,101.32787322998047,7.843494724848893,3
h1hand-basketball-v0,2000.0,2000.0,-2000.0,60000,140.0206756591797,163.44395446777344,128.29782104492188,20.285157588487507,3
h1hand-basketball-v0,2000.0,2000.0,-2000.0,65000,193.38457743326822,262.3276062011719,134.64515686035156,64.44988116796951,3
h1hand-basketball-v0,2000.0,2000.0,-2000.0,70000,171.5328572591146,232.32467651367188,90.4376220703125,73.09005116021206,3
h1hand-basketball-v0,2000.0,2000.0,-2000.0,75000,204.18006388346353,232.768310546875,185.02511596679688,25.230804606904687,3
h1hand-basketball-v0,2000.0,2000.0,-2000.0,80000,211.6813507080078,241.97262573242188,182.89852905273438,29.565922923281462,3
h1hand-basketball-v0,2000.0,2000.0,-2000.0,85000,221.86052958170572,250.20455932617188,166.99447631835938,47.524128368585444,3
h1hand-basketball-v0,2000.0,2000.0,-2000.0,90000,244.80679321289062,280.59918212890625,175.960205078125,59.63861118481123,3
h1hand-basketball-v0,2000.0,2000.0,-2000.0,95000,255.59888712565103,340.3233947753906,181.7470703125,79.84531435570291,3
h1hand-basketball-v0,2000.0,2000.0,-2000.0,100000,237.9103546142578,340.8870849609375,176.81549072265625,89.69637708566356,3
h1hand-basketball-v0,2000.0,2000.0,-2000.0,105000,201.62592569986978,286.2889709472656,152.333251953125,73.65005803039018,3
h1hand-basketball-v0,2000.0,2000.0,-2000.0,110000,222.9866739908854,303.2698974609375,172.90219116210938,70.23466141189598,3
h1hand-basketball-v0,2000.0,2000.0,-2000.0,115000,250.16284688313803,355.5162658691406,188.1205291748047,91.71816497441091,3
h1hand-basketball-v0,2000.0,2000.0,-2000.0,120000,273.78981526692706,316.10723876953125,208.14645385742188,57.636423415555015,3
h1hand-basketball-v0,2000.0,2000.0,-2000.0,125000,223.71239217122397,345.43255615234375,144.74603271484375,106.95646788933473,3
h1hand-basketball-v0,2000.0,2000.0,-2000.0,130000,263.8038075764974,384.97857666015625,149.5631561279297,117.86079308499596,3
h1hand-basketball-v0,2000.0,2000.0,-2000.0,135000,154.97002665201822,178.5758819580078,124.4288330078125,27.731749239866925,3
h1hand-basketball-v0,2000.0,2000.0,-2000.0,140000,247.22803751627603,292.74188232421875,195.43179321289062,48.958296215032945,3
h1hand-basketball-v0,2000.0,2000.0,-2000.0,145000,245.13931274414062,355.0404052734375,180.29275512695312,95.69022230635368,3
h1hand-basketball-v0,2000.0,2000.0,-2000.0,150000,137.2810401916504,216.99571228027344,49.736873626708984,83.90384684119556,3
h1hand-basketball-v0,2000.0,2000.0,-2000.0,155000,236.39112854003906,278.8700256347656,175.75851440429688,53.8995734571408,3
h1hand-basketball-v0,2000.0,2000.0,-2000.0,160000,326.47837829589844,415.8914489746094,206.12867736816406,108.24930210573197,3
h1hand-basketball-v0,2000.0,2000.0,-2000.0,165000,284.0299987792969,401.4091796875,108.59457397460938,154.79985116667572,3
h1hand-basketball-v0,2000.0,2000.0,-2000.0,170000,206.82901509602866,300.2232666015625,128.2477264404297,86.93943009201011,3
h1hand-basketball-v0,2000.0,2000.0,-2000.0,175000,275.0641377766927,407.098876953125,207.54400634765625,114.35531275455287,3
h1hand-basketball-v0,2000.0,2000.0,-2000.0,180000,241.98431396484375,394.8712158203125,154.22264099121094,132.8868154464658,3
h1hand-basketball-v0,2000.0,2000.0,-2000.0,185000,250.09479777018228,446.64410400390625,148.54788208007812,170.24814253925618,3
h1hand-basketball-v0,2000.0,2000.0,-2000.0,190000,217.54619852701822,286.5903625488281,140.67733764648438,73.27054059945368,3
h1hand-basketball-v0,2000.0,2000.0,-2000.0,195000,170.8652776082357,255.10943603515625,123.3791275024414,73.15450723183811,3
h1hand-basketball-v0,2000.0,2000.0,-2000.0,200000,199.0419718424479,239.457763671875,161.72540283203125,38.95874570613541,3
h1hand-basketball-v0,2000.0,2000.0,-2000.0,205000,199.03457641601562,232.92666625976562,176.20425415039062,29.935431103306094,3
h1hand-basketball-v0,2000.0,2000.0,-2000.0,210000,245.10235087076822,416.124755859375,156.74462890625,148.13709842291223,3
h1hand-basketball-v0,2000.0,2000.0,-2000.0,215000,167.76417032877603,248.42459106445312,100.92828369140625,74.71364319485114,3
h1hand-basketball-v0,2000.0,2000.0,-2000.0,220000,209.74468485514322,332.606689453125,148.25228881835938,106.40163485382595,3
h1hand-basketball-v0,2000.0,2000.0,-2000.0,225000,213.44804890950522,300.1330261230469,98.977783203125,103.4160269543164,3
h1hand-basketball-v0,2000.0,2000.0,-2000.0,230000,250.24930318196616,417.7847900390625,107.67262268066406,156.55540743442992,3
h1hand-basketball-v0,2000.0,2000.0,-2000.0,235000,153.15255228678384,254.21673583984375,74.84471130371094,91.82575424095197,3
h1hand-basketball-v0,2000.0,2000.0,-2000.0,240000,191.8063227335612,300.8248291015625,94.60677337646484,103.61581653096735,3
h1hand-basketball-v0,2000.0,2000.0,-2000.0,245000,206.19677225748697,347.95794677734375,104.02058410644531,126.69486014070506,3
