env_name,use_layer_norm,_step,mean_return,max_return,min_return,std_return,run_count
G1JoystickRoughTerrain,True,5000,-1.3295784493287404,-0.2029830515384674,-1.958081841468811,0.977836732370604,3
G1JoystickRoughTerrain,True,10000,20.304133733113606,21.075319290161133,19.59207534790039,0.7433876276211085,3
G1JoystickRoughTerrain,True,15000,27.38796869913737,27.771072387695312,26.784637451171875,0.5288086652471331,3
G1JoystickRoughTerrain,True,20000,30.498611450195312,31.098724365234375,29.926002502441406,0.5868445220247607,3
G1JoystickRoughTerrain,True,25000,32.141867319742836,32.14891052246094,32.1325798034668,0.008393497675354591,3
G1JoystickRoughTerrain,True,30000,32.97334416707357,33.060096740722656,32.856075286865234,0.10537847091810229,3
G1JoystickRoughTerrain,True,35000,33.027880350748696,33.24273681640625,32.87908172607422,0.1906147553249959,3
G1JoystickRoughTerrain,True,40000,33.29285430908203,33.4926872253418,33.1209602355957,0.18743178206500163,3
G1JoystickRoughTerrain,True,45000,33.66270192464193,33.85877227783203,33.46956253051758,0.19462142672873742,3
G1JoystickRoughTerrain,True,50000,33.69836298624674,33.88909912109375,33.58058166503906,0.16669600714316804,3
Isaac-Repose-Cube-Allegro-Direct-v0,True,5000,84.89671071370442,88.01075744628906,81.9483413696289,3.0346019375585787,3
Isaac-Repose-Cube-Allegro-Direct-v0,True,10000,120.60628763834636,128.88442993164062,105.2270278930664,13.331825441546089,3
Isaac-Repose-Cube-Allegro-Direct-v0,True,15000,269.1736195882161,335.3848571777344,210.6120147705078,62.73717567560968,3
Isaac-Repose-Cube-Allegro-Direct-v0,True,20000,664.7580261230469,949.3563232421875,487.3675842285156,248.9548993497743,3
Isaac-Repose-Cube-Allegro-Direct-v0,True,25000,1481.5070393880208,2107.2685546875,1157.9302978515625,542.0309120278383,3
Isaac-Repose-Cube-Allegro-Direct-v0,True,30000,2656.13818359375,3186.3017578125,2260.3974609375,477.36445092773977,3
Isaac-Repose-Cube-Allegro-Direct-v0,True,35000,3574.4876302083335,3803.666015625,3311.92041015625,247.56725517158011,3
Isaac-Repose-Cube-Allegro-Direct-v0,True,40000,4216.953125,4357.04150390625,3963.568359375,219.84615598065594,3
Isaac-Repose-Cube-Allegro-Direct-v0,True,45000,4722.396647135417,4826.6875,4554.14306640625,147.1004418336109,3
Isaac-Repose-Cube-Allegro-Direct-v0,True,50000,5076.796549479167,5187.447265625,4950.658203125,119.15185708586242,3
Isaac-Repose-Cube-Allegro-Direct-v0,True,55000,5399.352376302083,5523.7041015625,5280.0634765625,121.89919068348426,3
Isaac-Repose-Cube-Allegro-Direct-v0,True,60000,5703.004720052083,5738.625,5679.66650390625,31.339478040293123,3
Isaac-Repose-Cube-Allegro-Direct-v0,True,65000,5967.19970703125,6017.767578125,5871.279296875,83.11043096661493,3
Isaac-Repose-Cube-Allegro-Direct-v0,True,70000,6190.38037109375,6312.41162109375,6055.8837890625,128.71740569421948,3
Isaac-Repose-Cube-Allegro-Direct-v0,True,75000,6361.534342447917,6489.376953125,6177.39794921875,163.43031293214844,3
Isaac-Repose-Cube-Allegro-Direct-v0,True,80000,6561.450846354167,6722.349609375,6356.146484375,187.0964326332218,3
Isaac-Repose-Cube-Allegro-Direct-v0,True,85000,6670.163411458333,6839.0703125,6516.419921875,161.8587823626116,3
Isaac-Repose-Cube-Allegro-Direct-v0,True,90000,6850.846516927083,7052.86572265625,6690.4619140625,184.7544593171772,3
Isaac-Repose-Cube-Allegro-Direct-v0,True,95000,6969.406412760417,7180.5966796875,6780.04248046875,201.1671153311506,3
Isaac-Repose-Cube-Allegro-Direct-v0,True,100000,7083.655598958333,7303.3759765625,6863.2451171875,220.06624122378378,3
Isaac-Repose-Cube-Allegro-Direct-v0,True,105000,7179.009114583333,7466.875,6957.7294921875,261.0221922533059,3
Isaac-Repose-Cube-Allegro-Direct-v0,True,110000,7245.492513020833,7496.46484375,7072.037109375,222.57893187587624,3
Isaac-Repose-Cube-Allegro-Direct-v0,True,115000,7372.106608072917,7687.630859375,7139.22802734375,283.3886848364084,3
Isaac-Repose-Cube-Allegro-Direct-v0,True,120000,7423.13671875,7742.06396484375,7164.8095703125,293.35974140698016,3
Isaac-Repose-Cube-Allegro-Direct-v0,True,125000,7547.074869791667,7861.3271484375,7303.0341796875,285.69215969830253,3
Isaac-Repose-Cube-Allegro-Direct-v0,True,130000,7585.518229166667,7837.458984375,7419.08203125,221.90784284196127,3
Isaac-Repose-Cube-Allegro-Direct-v0,True,135000,7643.316080729167,7916.60302734375,7464.0703125,240.47717547628517,3
Isaac-Repose-Cube-Allegro-Direct-v0,True,140000,7723.090169270833,8031.71923828125,7487.47265625,279.3726919263755,3
Isaac-Repose-Cube-Allegro-Direct-v0,True,145000,7774.6337890625,8050.60400390625,7555.6201171875,252.35946161777525,3
Isaac-Repose-Cube-Allegro-Direct-v0,True,150000,7806.92578125,8075.408203125,7650.8076171875,233.53952389249352,3
Isaac-Velocity-Rough-H1-v0,True,5000,11.0276730855306,14.486854553222656,8.593873977661133,3.0773952872295864,3
Isaac-Velocity-Rough-H1-v0,True,10000,18.862701416015625,20.23868179321289,16.24580955505371,2.267300853541455,3
Isaac-Velocity-Rough-H1-v0,True,15000,23.039005915323894,24.114803314208984,21.1702880859375,1.6245259583061284,3
Isaac-Velocity-Rough-H1-v0,True,20000,24.615726470947266,26.718303680419922,21.40326690673828,2.826001257503848,3
Isaac-Velocity-Rough-H1-v0,True,25000,24.694913228352863,27.085237503051758,21.05449676513672,3.203826824569471,3
Isaac-Velocity-Rough-H1-v0,True,30000,25.49279022216797,27.53123664855957,21.464406967163086,3.4887665488209376,3
Isaac-Velocity-Rough-H1-v0,True,35000,25.643484115600586,28.01883316040039,21.321012496948242,3.7494886515558687,3
Isaac-Velocity-Rough-H1-v0,True,40000,25.885697682698567,27.92312240600586,21.884078979492188,3.4656968808355653,3
Isaac-Velocity-Rough-H1-v0,True,45000,26.11734135945638,28.42024803161621,21.704626083374023,3.8227429676630353,3
Isaac-Velocity-Rough-H1-v0,True,50000,26.101340611775715,28.182085037231445,22.15876007080078,3.4161288329914425,3
Isaac-Velocity-Rough-H1-v0,True,55000,26.147481282552082,28.72127342224121,22.001066207885742,3.625624556222153,3
Isaac-Velocity-Rough-H1-v0,True,60000,26.14894739786784,28.10449981689453,22.301321029663086,3.3322933365794722,3
Isaac-Velocity-Rough-H1-v0,True,65000,26.471078236897785,28.97998809814453,22.359329223632812,3.589582286784158,3
Isaac-Velocity-Rough-H1-v0,True,70000,26.364939371744793,28.88536834716797,22.293357849121094,3.559242373048659,3
Isaac-Velocity-Rough-H1-v0,True,75000,26.272127787272137,28.637245178222656,22.537172317504883,3.272623488601861,3
Isaac-Velocity-Rough-H1-v0,True,80000,26.452739715576172,29.30537223815918,22.530797958374023,3.5115923521264496,3
Isaac-Velocity-Rough-H1-v0,True,85000,26.38752555847168,29.122278213500977,22.33720588684082,3.5787342805634252,3
Isaac-Velocity-Rough-H1-v0,True,90000,26.376367568969727,28.9548282623291,22.37237548828125,3.515149489401253,3
Isaac-Velocity-Rough-H1-v0,True,95000,26.458134333292644,29.348846435546875,22.296445846557617,3.693998408814615,3
Isaac-Velocity-Rough-H1-v0,True,100000,26.558605194091797,29.213623046875,22.477033615112305,3.587715281809246,3
h1hand-balance_hard-v0,False,10000,36.30161094665527,46.603477478027344,30.700225830078125,8.933042448831431,3
h1hand-balance_hard-v0,False,20000,61.99801508585612,69.41798400878906,57.934043884277344,6.435624346179891,3
h1hand-balance_hard-v0,False,30000,67.79244995117188,75.62739562988281,53.6390380859375,12.280644449000802,3
h1hand-balance_hard-v0,False,40000,79.54612731933594,84.01177978515625,71.92562103271484,6.632015931846814,3
h1hand-balance_hard-v0,False,50000,90.38222757975261,104.91887664794922,76.02436065673828,14.44808762027567,3
h1hand-balance_hard-v0,False,60000,100.2420171101888,122.79237365722656,85.04520416259766,19.919039982282847,3
h1hand-balance_hard-v0,False,70000,122.25950113932292,142.30767822265625,88.79362487792969,29.171295219277493,3
h1hand-balance_hard-v0,False,80000,141.16223653157553,163.70791625976562,116.14808654785156,23.875811182207137,3
h1hand-balance_hard-v0,False,90000,181.89575703938803,250.1732177734375,127.99043273925781,62.346427074320246,3
h1hand-balance_hard-v0,False,100000,219.13811238606772,428.454833984375,79.82861328125,184.55573369954053,3
h1hand-balance_hard-v0,False,110000,210.5272013346354,253.44955444335938,151.68963623046875,52.71376213398604,3
h1hand-balance_hard-v0,False,120000,324.1314748128255,542.9862670898438,150.55043029785156,200.09686573500767,3
h1hand-balance_hard-v0,False,130000,356.08217366536456,576.8123779296875,137.159423828125,219.83204994082902,3
h1hand-balance_hard-v0,False,140000,392.44890848795575,829.1968994140625,158.6739959716797,378.54827159765665,3
h1hand-balance_hard-v0,False,150000,467.05824788411456,883.4188232421875,149.85906982421875,376.69910405289386,3
h1hand-balance_hard-v0,False,160000,564.2587890625,834.38330078125,155.9443359375,359.7112761423554,3
h1hand-balance_hard-v0,False,170000,152.27225748697916,233.64125061035156,61.17805480957031,86.64192548707061,3
h1hand-balance_hard-v0,False,180000,545.1705932617188,861.1010131835938,191.43255615234375,336.43130431590515,3
h1hand-balance_hard-v0,False,190000,584.5478261311849,812.7783203125,159.8706512451172,368.12440811726543,3
h1hand-balance_hard-v0,False,200000,411.2049306233724,892.292724609375,157.87864685058594,416.83028747144425,3
h1hand-balance_hard-v0,False,210000,377.13400904337567,910.60302734375,58.95143508911133,464.8535236898376,3
h1hand-balance_hard-v0,False,220000,612.2396519978842,887.5415649414062,83.45967864990234,458.06687862727085,3
h1hand-balance_hard-v0,False,230000,444.02427673339844,920.4983520507812,192.55831909179688,412.85065418511874,3
h1hand-balance_hard-v0,False,240000,151.24680836995444,297.8033447265625,63.329429626464844,127.76312973535858,3
h1hand-balance_hard-v0,False,250000,624.8866068522135,916.842529296875,144.41165161132812,419.30529986554416,3
h1hand-basketball-v0,False,10000,18.039501190185547,21.30420684814453,13.501651763916016,4.054089016252116,3
h1hand-basketball-v0,False,20000,25.627487182617188,30.170066833496094,19.975711822509766,5.186902241563237,3
h1hand-basketball-v0,False,30000,31.56640370686849,41.62999725341797,19.540637969970703,11.1746381671505,3
h1hand-basketball-v0,False,40000,44.50266647338867,52.34639358520508,34.0482177734375,9.424314824837596,3
h1hand-basketball-v0,False,50000,79.06164296468098,87.97822570800781,68.96734619140625,9.560002235927426,3
h1hand-basketball-v0,False,60000,103.41644287109375,173.13162231445312,40.124755859375,66.73569189207717,3
h1hand-basketball-v0,False,70000,110.32592264811198,147.1153564453125,58.45854187011719,46.21164416596615,3
h1hand-basketball-v0,False,80000,163.6871134440104,265.49664306640625,58.472869873046875,103.5538735374373,3
h1hand-basketball-v0,False,90000,301.12356821695965,547.3858642578125,61.477088928222656,243.02193575693664,3
h1hand-basketball-v0,False,100000,391.37867736816406,554.6852416992188,71.42277526855469,277.10993149408637,3
h1hand-basketball-v0,False,110000,488.9076919555664,770.3087768554688,57.36760711669922,379.4437604627669,3
h1hand-basketball-v0,False,120000,468.53636169433594,717.764892578125,56.04450988769531,359.8050168995156,3
h1hand-basketball-v0,False,130000,493.850284576416,801.926513671875,55.2832145690918,390.05121291336394,3
h1hand-basketball-v0,False,140000,588.4866434733073,875.691650390625,58.555755615234375,459.47215105101185,3
h1hand-basketball-v0,False,150000,584.0327326456705,868.8961791992188,66.47386932373047,448.9774588832275,3
h1hand-basketball-v0,False,160000,617.4590619405111,952.6212158203125,60.8588752746582,485.37214565422187,3
h1hand-basketball-v0,False,170000,558.0625559488932,837.33984375,59.29911804199219,432.97513817915495,3
h1hand-basketball-v0,False,180000,591.4159317016602,883.4534912109375,59.14586639404297,461.68659035587075,3
h1hand-basketball-v0,False,190000,584.1248016357422,862.3826293945312,67.68116760253906,447.7018674034394,3
h1hand-basketball-v0,False,200000,597.1058909098307,875.6870727539062,76.30778503417969,451.390728886087,3
h1hand-basketball-v0,False,210000,605.031972249349,875.4407958984375,69.57223510742188,463.72947326581135,3
h1hand-basketball-v0,False,220000,601.4481608072916,898.8468627929688,58.47601318359375,470.94111003414554,3
h1hand-basketball-v0,False,230000,578.2740071614584,931.0590209960938,57.73089599609375,460.1984223071866,3
h1hand-basketball-v0,False,240000,629.2041219075521,929.2747802734375,66.4378662109375,487.7280161216248,3
h1hand-basketball-v0,False,250000,579.3463821411133,877.03759765625,69.86727142333984,443.30753242360765,3
h1hand-walk-v0,False,10000,12.597592035929361,14.12820053100586,10.206681251525879,2.0975386496079724,3
h1hand-walk-v0,False,20000,11.154266357421875,13.251550674438477,7.371084213256836,3.2827823660666877,3
h1hand-walk-v0,False,30000,5.5286946296691895,8.216546058654785,1.519641399383545,3.5385468279593364,3
h1hand-walk-v0,False,40000,19.258448282877605,28.054651260375977,13.680154800415039,7.708614872857418,3
h1hand-walk-v0,False,50000,24.90336036682129,34.807861328125,17.044546127319336,9.056625605246714,3
h1hand-walk-v0,False,60000,35.4105593363444,46.01593780517578,25.99936294555664,10.06157892203429,3
h1hand-walk-v0,False,70000,53.22466786702474,68.43505859375,23.287490844726562,25.92748337883511,3
h1hand-walk-v0,False,80000,102.46083323160808,159.81405639648438,21.26361083984375,72.28733440468521,3
h1hand-walk-v0,False,90000,194.9180450439453,245.14083862304688,168.99581909179688,43.501772263871075,3
h1hand-walk-v0,False,100000,348.6827697753906,418.4104919433594,271.50042724609375,73.7381875345966,3
