env_name,_step,mean_return,max_return,min_return,std_return
G1JoystickFlatTerrain,5000,15.959404,18.44589,12.449213,2.7965713
G1JoystickFlatTerrain,10000,27.168997,28.339653,25.029007,1.6600728
G1JoystickFlatTerrain,15000,30.09014,30.594952,29.43758,0.53009343
G1JoystickFlatTerrain,20000,31.722763,31.9086,31.598087,0.14672458
G1JoystickFlatTerrain,25000,32.778484,33.308426,32.397247,0.42345905
G1JoystickFlatTerrain,30000,33.71875,34.07836,33.334656,0.33313555
G1JoystickFlatTerrain,35000,33.38795,33.756207,33.18908,0.28555605
G1JoystickFlatTerrain,40000,33.64847,34.142685,33.176193,0.43256202
G1JoystickFlatTerrain,45000,34.14687,34.719147,33.154026,0.77204037
G1JoystickFlatTerrain,50000,33.135612,33.41809,32.853134,0.3261779
G1JoystickFlatTerrain,55000,33.927696,33.9952,33.86019,0.07794792
G1JoystickFlatTerrain,60000,34.51569,35.042885,33.988495,0.6087523
G1JoystickFlatTerrain,65000,34.190117,34.664986,33.71525,0.5483312
G1JoystickFlatTerrain,70000,33.374695,34.3866,32.36279,1.168448
G1JoystickFlatTerrain,75000,34.38594,34.899857,33.87203,0.59341687
G1JoystickFlatTerrain,80000,34.265617,34.40175,34.129486,0.15719087
G1JoystickFlatTerrain,85000,33.55654,34.65788,32.455208,1.2717128
G1JoystickFlatTerrain,90000,34.661503,35.149582,34.173424,0.56358516
G1JoystickFlatTerrain,95000,34.711197,35.10985,34.31254,0.46032926
G1JoystickRoughTerrain,5000,15.145284,16.03845,13.935001,0.9722333
G1JoystickRoughTerrain,10000,23.550138,24.225489,22.79769,0.6413179
G1JoystickRoughTerrain,15000,26.640814,27.174263,26.190796,0.44454286
G1JoystickRoughTerrain,20000,28.328041,28.560038,28.040838,0.23609813
G1JoystickRoughTerrain,25000,28.556372,29.713528,27.896166,0.8992986
G1JoystickRoughTerrain,30000,28.805786,28.942978,28.712759,0.10849236
G1JoystickRoughTerrain,35000,28.728018,28.960571,28.398672,0.26223508
G1JoystickRoughTerrain,40000,28.627134,29.336657,28.245117,0.5501349
G1JoystickRoughTerrain,45000,28.556696,29.39759,27.545616,0.838654
T1JoystickFlatTerrain,5000,21.406996,22.008987,20.905643,0.4995505
T1JoystickFlatTerrain,10000,30.292528,31.2844,29.201958,0.9344297
T1JoystickFlatTerrain,15000,35.30278,35.92679,34.37236,0.734562
T1JoystickFlatTerrain,20000,38.192406,39.084404,37.203484,0.84451693
T1JoystickFlatTerrain,25000,39.24917,39.477333,38.868156,0.29704648
T1JoystickFlatTerrain,30000,39.41322,39.767605,39.059155,0.3168287
T1JoystickFlatTerrain,35000,39.069595,39.407665,38.6857,0.32481852
T1JoystickFlatTerrain,40000,38.6635,39.23199,38.148903,0.48616686
T1JoystickFlatTerrain,45000,38.6548,38.77234,38.574306,0.09309595
T1JoystickFlatTerrain,50000,37.87788,38.75498,37.242653,0.7018023
T1JoystickFlatTerrain,55000,37.11563,38.57821,36.1472,1.1525923
T1JoystickFlatTerrain,60000,35.549896,37.236206,32.64505,2.2597878
T1JoystickFlatTerrain,65000,35.287216,37.232376,33.545616,1.6562917
T1JoystickFlatTerrain,70000,34.42647,35.664223,33.487045,1.0007087
T1JoystickFlatTerrain,75000,33.03481,35.44027,29.354712,2.8951037
T1JoystickFlatTerrain,80000,33.143482,34.81014,30.50751,2.0654953
T1JoystickFlatTerrain,85000,33.180645,34.011967,31.643276,1.1921579
T1JoystickFlatTerrain,90000,32.274246,33.352814,31.042763,1.0398545
T1JoystickFlatTerrain,95000,31.22502,33.64464,29.041897,2.066546
T1JoystickRoughTerrain,5000,7.3957877,8.748283,6.6061983,1.0525322
T1JoystickRoughTerrain,10000,24.544538,25.452318,23.5354,0.8608594
T1JoystickRoughTerrain,15000,28.857275,29.478317,28.387875,0.50160784
T1JoystickRoughTerrain,20000,30.518744,30.748253,30.202297,0.25327495
T1JoystickRoughTerrain,25000,32.83778,34.0706,31.218834,1.30995
T1JoystickRoughTerrain,30000,34.28877,35.549767,33.625496,0.9772035
T1JoystickRoughTerrain,35000,34.755676,35.370842,34.418694,0.47723034
T1JoystickRoughTerrain,40000,34.834805,35.122063,34.607494,0.23476101
T1JoystickRoughTerrain,45000,35.458595,35.546776,35.307373,0.11767451
T1JoystickRoughTerrain,50000,35.138832,35.885464,34.51784,0.6193138
T1JoystickRoughTerrain,55000,34.953445,35.879314,34.191635,0.7653767
T1JoystickRoughTerrain,60000,34.64116,35.310024,34.166958,0.5329702
T1JoystickRoughTerrain,65000,34.70506,35.679993,33.93067,0.79759353
T1JoystickRoughTerrain,70000,34.06689,35.045475,33.3758,0.77920204
T1JoystickRoughTerrain,75000,33.59745,34.72194,32.677605,0.92789435
T1JoystickRoughTerrain,80000,33.395096,35.15353,32.042915,1.4262574
T1JoystickRoughTerrain,85000,33.2298,34.452988,32.01583,1.089953
T1JoystickRoughTerrain,90000,33.353573,34.79703,31.712433,1.3879471
T1JoystickRoughTerrain,95000,32.685337,33.66188,31.402805,1.0377198
